Timestamp,PeopleCount
2026-06-10 17:19:23,1
2026-06-10 17:19:23,1
2026-06-10 17:19:24,1
2026-06-10 17:19:24,1
2026-06-10 17:19:24,1
2026-06-10 17:19:24,1
2026-06-10 17:19:24,1
2026-06-10 17:19:25,1
2026-06-10 17:19:25,1
2026-06-10 17:19:25,1
2026-06-10 17:19:25,1
2026-06-10 17:19:25,1
2026-06-10 17:19:25,1
2026-06-10 17:19:26,1
2026-06-10 17:19:26,1
2026-06-10 17:19:26,1
2026-06-10 17:19:26,1
2026-06-10 17:19:26,1
2026-06-10 17:19:27,1
2026-06-10 17:19:27,1
2026-06-10 17:19:27,1
2026-06-10 17:19:27,1
2026-06-10 17:19:27,1
2026-06-10 17:19:27,1
2026-06-10 17:19:28,1
2026-06-10 17:19:28,1
2026-06-10 17:19:28,1
2026-06-10 17:19:28,1
2026-06-10 17:19:28,1
2026-06-10 17:19:28,1
2026-06-10 17:19:29,1
2026-06-10 17:19:29,1
2026-06-10 17:19:29,1
2026-06-10 17:19:29,1
2026-06-10 17:19:29,1
2026-06-10 17:19:29,1
2026-06-10 17:19:29,1
2026-06-10 17:19:30,1
2026-06-10 17:19:30,1
2026-06-10 17:19:30,1
2026-06-10 17:19:30,1
2026-06-10 17:19:30,1
2026-06-10 17:19:30,1
2026-06-10 17:19:30,1
2026-06-10 17:19:31,1
2026-06-10 17:19:31,1
2026-06-10 17:19:31,1
2026-06-10 17:19:31,1
2026-06-10 17:19:31,1
2026-06-10 17:19:31,1
2026-06-10 17:19:31,1
2026-06-10 17:19:31,1
2026-06-10 17:19:32,1
2026-06-10 17:19:32,1
2026-06-10 17:19:32,1
2026-06-10 17:19:32,1
2026-06-10 17:19:32,1
2026-06-10 17:19:32,1
2026-06-10 17:19:33,1
2026-06-10 17:19:33,1
2026-06-10 17:19:33,1
2026-06-10 17:19:33,1
2026-06-10 17:19:33,1
2026-06-10 17:19:33,1
2026-06-10 17:19:34,1
2026-06-10 17:19:34,1
2026-06-10 17:19:34,1
2026-06-10 17:19:34,1
2026-06-10 17:19:34,1
2026-06-10 17:19:34,1
2026-06-10 17:19:35,1
2026-06-10 17:19:35,1
2026-06-10 17:19:35,1
2026-06-10 17:19:35,1
2026-06-10 17:19:35,1
2026-06-10 17:19:36,1
2026-06-10 17:19:36,1
2026-06-10 17:19:36,1
2026-06-10 17:19:36,1
2026-06-10 17:19:36,1
2026-06-10 17:19:36,1
2026-06-10 17:19:37,1
2026-06-10 17:19:37,1
2026-06-10 17:19:37,1
2026-06-10 17:19:37,1
2026-06-10 17:19:37,1
2026-06-10 17:19:38,1
2026-06-10 17:19:38,1
2026-06-10 17:19:38,1
2026-06-10 17:19:38,1
2026-06-10 17:19:38,1
2026-06-10 17:19:39,1
2026-06-10 17:19:39,1
2026-06-10 17:19:39,1
2026-06-10 17:19:39,1
2026-06-10 17:19:39,1
2026-06-10 17:19:39,1
2026-06-10 17:19:39,1
2026-06-10 17:19:40,1
2026-06-10 17:19:40,1
2026-06-10 17:19:40,1
2026-06-10 17:23:25,1
2026-06-10 17:23:25,1
2026-06-10 17:23:25,1
2026-06-10 17:23:26,1
2026-06-10 17:23:26,1
2026-06-10 17:23:26,1
2026-06-10 17:23:26,1
2026-06-10 17:23:26,1
2026-06-10 17:23:27,1
2026-06-10 17:23:27,1
2026-06-10 17:23:27,1
2026-06-10 17:23:27,1
2026-06-10 17:23:27,2
2026-06-10 17:23:28,1
2026-06-10 17:23:28,1
2026-06-10 17:23:28,1
2026-06-10 17:23:28,1
2026-06-10 17:23:28,1
2026-06-10 17:23:29,1
2026-06-10 17:23:29,1
2026-06-10 17:23:29,1
2026-06-10 17:23:29,1
2026-06-10 17:23:29,1
2026-06-10 17:23:29,1
2026-06-10 17:23:29,1
2026-06-10 17:23:30,1
2026-06-10 17:23:30,1
2026-06-10 17:23:30,1
2026-06-10 17:23:30,1
2026-06-10 17:23:31,1
2026-06-10 17:23:31,1
2026-06-10 17:23:31,1
2026-06-10 17:23:31,1
2026-06-10 17:23:31,1
2026-06-10 17:23:31,1
2026-06-10 17:23:32,1
2026-06-10 17:23:32,1
2026-06-10 17:23:32,1
2026-06-10 17:23:32,1
2026-06-10 17:23:32,1
2026-06-10 17:23:32,1
2026-06-10 17:23:33,1
2026-06-10 17:23:33,1
2026-06-10 17:23:33,1
2026-06-10 17:23:33,1
2026-06-10 17:23:33,1
2026-06-10 17:23:33,1
2026-06-10 17:23:34,1
2026-06-10 17:23:34,1
2026-06-10 17:23:34,1
2026-06-10 17:23:34,1
2026-06-10 17:23:34,1
2026-06-10 17:23:34,1
2026-06-10 17:23:35,1
2026-06-10 17:23:35,1
2026-06-10 17:23:35,1
2026-06-10 17:48:51,1
2026-06-10 17:48:51,1
2026-06-10 17:48:51,1
2026-06-10 17:48:52,1
2026-06-10 17:48:52,1
2026-06-10 17:48:52,1
2026-06-10 17:48:52,1
2026-06-10 17:48:52,1
2026-06-10 17:48:52,1
2026-06-10 17:48:53,1
2026-06-10 17:48:53,1
2026-06-10 17:48:53,1
2026-06-10 17:48:53,1
2026-06-10 17:48:53,1
2026-06-10 17:48:54,1
2026-06-10 17:48:54,1
2026-06-10 17:48:54,1
2026-06-10 17:48:54,1
2026-06-10 17:48:54,1
2026-06-10 17:48:54,1
2026-06-10 17:48:55,1
2026-06-10 17:48:55,1
2026-06-10 17:48:55,1
2026-06-10 17:48:55,1
2026-06-10 17:48:55,1
2026-06-10 17:48:56,1
2026-06-10 17:48:56,1
2026-06-10 17:48:56,1
2026-06-10 17:48:56,1
2026-06-10 17:48:57,1
2026-06-10 17:48:57,1
2026-06-10 17:48:57,1
2026-06-10 17:48:57,1
2026-06-10 17:48:58,1
2026-06-10 17:48:58,1
2026-06-10 17:48:58,1
2026-06-10 17:48:58,1
2026-06-10 17:48:58,1
2026-06-10 17:48:58,1
2026-06-10 17:48:58,1
2026-06-10 17:48:59,1
2026-06-10 17:48:59,1
2026-06-10 17:48:59,1
2026-06-10 17:48:59,1
2026-06-10 17:48:59,1
2026-06-10 17:48:59,1
2026-06-10 17:48:59,1
2026-06-10 17:49:00,1
2026-06-10 17:49:00,1
2026-06-10 17:49:00,1
2026-06-10 17:49:00,0
2026-06-10 17:49:00,0
2026-06-10 17:49:00,0
2026-06-10 17:49:00,0
2026-06-10 17:49:01,0
2026-06-10 17:49:01,0
2026-06-10 17:49:01,0
2026-06-10 17:49:01,0
2026-06-10 17:49:01,0
2026-06-10 17:49:01,0
2026-06-10 17:49:01,0
2026-06-10 17:49:02,0
2026-06-10 17:49:02,0
2026-06-10 17:49:02,1
2026-06-10 17:49:02,1
2026-06-10 17:49:02,1
2026-06-10 17:49:02,1
2026-06-10 17:49:02,1
2026-06-10 17:49:03,1
2026-06-10 17:49:03,1
2026-06-10 17:49:03,1
2026-06-10 17:49:03,1
2026-06-10 17:49:03,1
2026-06-10 17:49:03,1
2026-06-10 17:49:04,1
2026-06-11 14:15:01,0
2026-06-11 14:15:01,0
2026-06-11 14:15:01,0
2026-06-11 14:15:01,0
2026-06-11 14:15:02,0
2026-06-11 14:15:02,0
2026-06-11 14:15:02,0
2026-06-11 14:15:02,0
2026-06-11 14:15:03,0
2026-06-11 14:15:03,0
2026-06-11 14:15:03,0
2026-06-11 14:15:04,0
2026-06-11 14:15:04,0
2026-06-11 14:15:04,0
2026-06-11 14:15:04,0
2026-06-11 14:15:05,0
2026-06-11 14:15:05,0
2026-06-11 14:15:05,0
2026-06-11 14:15:06,0
2026-06-11 14:15:06,0
2026-06-11 14:15:06,0
2026-06-11 14:15:07,0
2026-06-11 14:15:07,0
2026-06-11 14:15:07,0
2026-06-11 14:15:08,0
2026-06-11 14:15:08,0
2026-06-11 14:15:08,0
2026-06-11 14:15:08,0
2026-06-11 14:15:08,0
2026-06-11 14:15:09,0
2026-06-11 14:15:09,0
2026-06-11 14:15:09,0
2026-06-11 14:15:10,0
2026-06-11 14:15:10,0
2026-06-11 14:15:10,0
2026-06-11 14:15:10,0
2026-06-11 14:15:11,0
2026-06-11 14:15:11,0
2026-06-11 14:15:11,0
2026-06-11 14:15:11,0
2026-06-11 14:15:11,0
2026-06-11 14:15:12,0
2026-06-11 14:15:12,0
2026-06-11 14:15:12,0
2026-06-11 14:15:12,0
2026-06-11 14:15:12,0
2026-06-11 14:15:13,0
2026-06-11 14:15:13,0
2026-06-11 14:15:13,0
2026-06-11 14:15:13,0
2026-06-11 14:15:13,0
2026-06-11 14:15:14,0
2026-06-11 14:15:14,0
2026-06-11 14:15:14,0
2026-06-11 14:15:14,0
2026-06-11 14:15:14,0
2026-06-11 14:15:15,0
2026-06-11 14:15:15,0
2026-06-11 14:15:15,0
2026-06-11 14:15:15,0
2026-06-11 14:15:15,0
2026-06-11 14:15:16,0
2026-06-11 14:15:16,0
2026-06-11 14:15:16,0
2026-06-11 14:15:16,0
2026-06-11 14:15:16,0
2026-06-11 14:15:16,0
2026-06-11 14:15:17,0
2026-06-11 14:15:17,0
2026-06-11 14:15:17,0
2026-06-11 14:15:17,0
2026-06-11 14:15:18,0
2026-06-11 14:15:18,0
2026-06-11 14:15:18,0
2026-06-11 14:15:18,0
2026-06-11 14:15:18,0
2026-06-11 14:15:19,0
2026-06-11 14:15:19,0
2026-06-11 14:15:19,0
2026-06-11 14:15:19,0
2026-06-11 14:15:19,0
2026-06-11 14:15:19,0
2026-06-11 14:15:20,0
2026-06-11 14:15:20,0
2026-06-11 14:15:20,0
2026-06-11 14:15:20,0
2026-06-11 14:15:20,0
2026-06-11 14:15:21,0
2026-06-11 14:15:21,0
2026-06-11 14:15:21,0
2026-06-11 14:15:21,0
2026-06-11 14:15:21,0
2026-06-11 14:15:21,0
2026-06-11 14:15:22,0
2026-06-11 14:15:22,0
2026-06-11 14:15:22,0
2026-06-11 14:15:22,0
2026-06-11 14:15:22,0
2026-06-11 14:15:22,0
2026-06-11 14:15:23,0
2026-06-11 14:15:23,0
2026-06-11 14:15:23,0
2026-06-11 14:15:23,0
2026-06-11 14:15:23,0
2026-06-11 14:15:24,0
2026-06-11 14:15:24,0
2026-06-11 14:15:25,0
2026-06-11 14:15:25,0
2026-06-11 14:15:26,0
2026-06-11 14:15:27,0
2026-06-11 14:15:27,0
2026-06-11 14:15:27,0
2026-06-11 14:15:27,0
2026-06-11 14:15:27,0
2026-06-11 14:15:27,0
2026-06-11 14:15:28,0
2026-06-11 14:15:28,0
2026-06-11 14:15:28,0
2026-06-11 14:15:28,0
2026-06-11 14:15:29,0
2026-06-11 14:15:29,0
2026-06-11 14:15:30,0
2026-06-11 14:15:30,0
2026-06-11 14:15:30,0
2026-06-11 14:15:31,0
2026-06-11 14:15:31,0
2026-06-11 14:15:31,0
2026-06-11 14:15:31,0
2026-06-11 14:15:32,0
2026-06-11 14:15:32,0
2026-06-11 14:15:32,0
2026-06-11 14:15:32,0
2026-06-11 14:15:33,0
2026-06-11 14:15:33,0
2026-06-11 14:15:33,0
2026-06-11 14:15:33,0
2026-06-11 14:15:34,0
2026-06-11 14:15:34,0
2026-06-11 14:15:34,0
2026-06-11 14:15:35,0
2026-06-11 14:15:35,0
2026-06-11 14:15:35,0
2026-06-11 14:15:35,0
2026-06-11 14:15:35,0
2026-06-11 14:15:36,0
2026-06-11 14:15:36,0
2026-06-11 14:15:36,0
2026-06-11 14:15:36,1
2026-06-11 14:15:37,1
2026-06-11 14:15:37,1
2026-06-11 14:15:37,1
2026-06-11 14:15:37,1
2026-06-11 14:15:37,1
2026-06-11 14:15:38,1
2026-06-11 14:15:38,1
2026-06-11 14:15:38,1
2026-06-11 14:15:38,1
2026-06-11 14:15:38,1
2026-06-11 14:15:39,1
2026-06-11 14:15:39,1
2026-06-11 14:15:39,1
2026-06-11 14:15:39,1
2026-06-11 14:15:39,1
2026-06-11 14:15:40,1
2026-06-11 14:15:40,1
2026-06-11 14:15:40,1
2026-06-11 14:15:40,1
2026-06-11 14:15:40,1
2026-06-11 14:15:41,1
2026-06-11 14:15:41,1
2026-06-11 14:15:41,1
2026-06-11 14:15:41,1
2026-06-11 14:15:41,1
2026-06-11 14:15:42,1
2026-06-11 14:15:42,1
2026-06-11 14:15:42,1
2026-06-11 14:15:42,1
2026-06-11 14:15:42,1
2026-06-11 14:15:43,1
2026-06-11 14:15:43,1
2026-06-11 14:15:43,1
2026-06-11 14:15:43,0
2026-06-11 14:15:43,0
2026-06-11 14:15:44,0
2026-06-11 14:15:44,1
2026-06-11 14:15:44,0
2026-06-11 14:15:44,1
2026-06-11 14:15:44,1
2026-06-11 14:15:45,1
2026-06-11 14:15:45,1
2026-06-11 14:15:45,1
2026-06-11 14:15:45,1
2026-06-11 14:15:45,1
2026-06-11 14:15:46,0
2026-06-11 14:15:46,2
2026-06-11 14:15:46,1
2026-06-11 14:15:46,1
2026-06-11 14:15:46,1
2026-06-11 14:15:47,1
2026-06-11 14:15:47,1
2026-06-11 14:15:47,1
2026-06-11 14:15:47,1
2026-06-11 14:15:47,1
2026-06-11 14:15:48,1
2026-06-11 14:15:48,1
2026-06-11 14:15:48,1
2026-06-11 14:15:48,1
2026-06-11 14:15:48,1
2026-06-11 14:15:49,1
2026-06-11 14:15:49,1
2026-06-11 14:15:49,1
2026-06-11 14:15:49,1
2026-06-11 14:15:49,1
2026-06-11 14:15:50,1
2026-06-11 14:15:50,1
2026-06-11 14:15:50,1
2026-06-11 14:15:50,1
2026-06-11 14:15:50,1
2026-06-11 14:15:51,1
2026-06-11 14:15:51,1
2026-06-11 14:15:51,1
2026-06-11 14:15:51,1
2026-06-11 14:15:51,1
2026-06-11 14:15:52,1
2026-06-11 14:15:52,1
2026-06-11 14:15:52,1
2026-06-11 14:15:52,1
2026-06-11 14:15:52,1
2026-06-11 14:15:53,1
2026-06-11 14:15:53,1
2026-06-11 14:15:53,1
2026-06-11 14:15:53,1
2026-06-11 14:15:53,0
2026-06-11 14:15:54,0
2026-06-11 14:15:54,0
2026-06-11 14:15:54,0
2026-06-11 14:15:54,0
2026-06-11 14:15:54,0
2026-06-11 14:15:54,0
2026-06-11 14:15:55,0
2026-06-11 14:15:55,0
2026-06-11 14:15:55,0
2026-06-11 14:15:55,0
2026-06-11 14:15:56,0
2026-06-11 14:15:56,0
2026-06-11 14:15:56,0
2026-06-11 14:15:56,0
2026-06-11 14:15:56,0
2026-06-11 14:15:57,0
2026-06-11 14:15:57,0
2026-06-11 14:15:57,0
2026-06-11 14:15:57,0
2026-06-11 14:15:57,0
2026-06-11 14:15:58,0
2026-06-11 14:15:58,0
2026-06-11 14:15:58,0
2026-06-11 14:15:58,0
2026-06-11 14:15:58,0
2026-06-11 14:15:59,0
2026-06-11 14:15:59,0
2026-06-11 14:15:59,0
2026-06-11 14:15:59,0
2026-06-11 14:16:00,0
2026-06-11 14:16:00,0
2026-06-11 14:16:00,0
2026-06-11 14:16:00,0
2026-06-11 14:16:01,0
2026-06-11 14:16:01,0
2026-06-11 14:16:01,0
2026-06-11 14:16:01,0
2026-06-11 14:16:01,0
2026-06-11 14:16:02,0
2026-06-11 14:16:02,0
2026-06-11 14:16:02,0
2026-06-11 14:16:02,0
2026-06-11 14:16:02,0
2026-06-11 14:16:02,0
2026-06-11 14:16:03,0
2026-06-11 14:16:03,0
2026-06-11 14:16:03,0
2026-06-11 14:16:03,0
2026-06-11 14:16:03,0
2026-06-11 14:16:03,0
2026-06-11 14:16:04,0
2026-06-11 14:16:04,0
2026-06-11 14:16:04,0
2026-06-11 14:16:04,0
2026-06-11 14:16:04,0
2026-06-11 14:16:04,0
2026-06-11 14:16:05,0
2026-06-11 14:16:05,0
2026-06-11 14:16:05,0
2026-06-11 14:16:05,0
2026-06-11 14:16:05,0
2026-06-11 14:16:05,0
2026-06-11 14:16:06,0
2026-06-11 14:16:06,0
2026-06-11 14:16:06,0
2026-06-11 14:16:06,0
2026-06-11 14:16:06,0
2026-06-11 14:16:06,0
2026-06-11 14:16:07,0
2026-06-11 14:16:07,0
2026-06-11 14:16:07,0
2026-06-11 14:16:07,0
2026-06-11 14:16:07,0
2026-06-11 14:16:07,0
2026-06-11 14:16:07,0
2026-06-11 14:16:08,0
2026-06-11 14:16:08,0
2026-06-11 14:16:08,0
2026-06-11 14:16:08,0
2026-06-11 14:16:08,0
2026-06-11 14:16:08,0
2026-06-11 14:16:09,0
2026-06-11 14:16:09,0
2026-06-11 14:16:09,0
2026-06-11 14:16:09,0
2026-06-11 14:16:09,0
2026-06-11 14:16:10,0
2026-06-11 14:16:10,0
2026-06-11 14:16:10,0
2026-06-11 14:16:10,0
2026-06-11 14:16:10,0
2026-06-11 14:16:10,0
2026-06-11 14:16:11,0
2026-06-11 14:16:11,0
2026-06-11 14:16:11,0
2026-06-11 14:16:11,0
2026-06-11 14:16:11,0
2026-06-11 14:16:11,0
2026-06-11 14:16:12,0
2026-06-11 14:16:12,0
2026-06-11 14:16:12,0
2026-06-11 14:16:12,0
2026-06-11 14:16:12,0
2026-06-11 14:16:12,0
2026-06-11 14:16:13,0
2026-06-11 14:16:13,0
2026-06-11 14:16:13,0
2026-06-11 14:16:13,0
2026-06-11 14:16:13,0
2026-06-11 14:16:14,0
2026-06-11 14:16:14,0
2026-06-11 14:16:14,0
2026-06-11 14:16:14,0
2026-06-11 14:16:14,0
2026-06-11 14:16:14,0
2026-06-11 14:16:15,0
2026-06-11 14:16:15,0
2026-06-11 14:16:15,0
2026-06-11 14:16:15,0
2026-06-11 14:16:15,0
2026-06-11 14:16:15,0
2026-06-11 14:16:16,0
2026-06-11 14:16:16,0
2026-06-11 14:16:16,0
2026-06-11 14:16:16,0
2026-06-11 14:16:16,0
2026-06-11 14:16:17,0
2026-06-11 14:16:17,0
2026-06-11 14:16:17,0
2026-06-11 14:16:17,0
2026-06-11 14:16:17,0
2026-06-11 14:16:18,0
2026-06-11 14:16:18,0
2026-06-11 14:16:18,0
2026-06-11 14:16:18,0
2026-06-11 14:16:18,0
2026-06-11 14:16:18,0
2026-06-11 14:16:19,0
2026-06-11 14:16:19,0
2026-06-11 14:16:19,0
2026-06-11 14:16:19,0
2026-06-11 14:16:19,0
2026-06-11 14:16:20,0
2026-06-11 14:16:20,0
2026-06-11 14:16:20,0
2026-06-11 14:16:20,0
2026-06-11 14:16:20,0
2026-06-11 14:16:20,0
2026-06-11 14:16:21,0
2026-06-11 14:16:21,0
2026-06-11 14:16:21,0
2026-06-11 14:16:21,0
2026-06-11 14:16:22,0
2026-06-11 14:16:22,0
2026-06-11 14:16:22,0
2026-06-11 14:16:22,0
2026-06-11 14:16:22,0
2026-06-11 14:16:22,0
2026-06-11 14:16:23,0
2026-06-11 14:16:23,0
2026-06-11 14:16:23,0
2026-06-11 14:16:23,0
2026-06-11 14:16:23,0
2026-06-11 14:16:24,0
2026-06-11 14:16:24,0
2026-06-11 14:16:24,0
2026-06-11 14:16:24,0
2026-06-11 14:16:24,0
2026-06-11 14:16:25,0
2026-06-11 14:16:25,0
2026-06-11 14:16:25,0
2026-06-11 14:16:25,0
2026-06-11 14:16:25,0
2026-06-11 14:16:26,0
2026-06-11 14:16:26,0
2026-06-11 14:16:26,0
2026-06-11 14:16:26,0
2026-06-11 14:16:26,0
2026-06-11 14:16:27,0
2026-06-11 14:16:27,0
2026-06-11 14:16:27,0
2026-06-11 14:16:27,0
2026-06-11 14:16:27,0
2026-06-11 14:16:27,0
2026-06-11 14:16:28,0
2026-06-11 14:16:28,0
2026-06-11 14:16:28,0
2026-06-11 14:16:28,0
2026-06-11 14:16:28,0
2026-06-11 14:16:28,0
2026-06-11 14:16:29,0
2026-06-11 14:16:29,0
2026-06-11 14:16:29,0
2026-06-11 14:16:29,0
2026-06-11 14:16:29,0
2026-06-11 14:16:29,0
2026-06-11 14:16:30,0
2026-06-11 14:16:30,0
2026-06-11 14:16:30,0
2026-06-11 14:16:30,0
2026-06-11 14:16:30,0
2026-06-11 14:16:31,0
2026-06-11 14:16:31,0
2026-06-11 14:16:31,0
2026-06-11 14:16:31,0
2026-06-11 14:16:31,0
2026-06-11 14:16:32,0
2026-06-11 14:16:32,0
2026-06-11 14:16:32,0
2026-06-11 14:16:32,0
2026-06-11 14:16:32,0
2026-06-11 14:16:32,0
2026-06-11 14:16:33,0
2026-06-11 14:16:33,0
2026-06-11 14:16:33,0
2026-06-11 14:16:33,0
2026-06-11 14:16:33,0
2026-06-11 14:16:34,0
2026-06-11 14:16:34,0
2026-06-11 14:16:34,0
2026-06-11 14:16:34,0
2026-06-11 14:16:34,0
2026-06-11 14:16:34,0
2026-06-11 14:16:35,0
2026-06-11 14:16:35,0
2026-06-11 14:16:35,0
2026-06-11 14:16:35,0
2026-06-11 14:16:35,0
2026-06-11 14:16:36,0
2026-06-11 14:16:36,0
2026-06-11 14:16:36,0
2026-06-11 14:16:36,0
2026-06-11 14:16:36,0
2026-06-11 14:16:37,0
2026-06-11 14:16:37,0
2026-06-11 14:16:37,0
2026-06-11 14:16:37,0
2026-06-11 14:16:37,0
2026-06-11 14:16:37,0
2026-06-11 14:16:38,0
2026-06-11 14:16:38,0
2026-06-11 14:16:38,0
2026-06-11 14:16:38,0
2026-06-11 14:16:38,0
2026-06-11 14:16:39,0
2026-06-11 14:16:39,0
2026-06-11 14:16:39,0
2026-06-11 14:16:39,0
2026-06-11 14:16:39,0
2026-06-11 14:16:40,0
2026-06-11 14:16:40,0
2026-06-11 14:16:40,0
2026-06-11 14:16:40,0
2026-06-11 14:16:40,0
2026-06-11 14:16:41,0
2026-06-11 14:16:41,0
2026-06-11 14:16:41,0
2026-06-11 14:16:41,0
2026-06-11 14:16:41,0
2026-06-11 14:16:42,0
2026-06-11 14:16:42,0
2026-06-11 14:16:42,0
2026-06-11 14:16:42,0
2026-06-11 14:16:42,0
2026-06-11 14:16:43,0
2026-06-11 14:16:43,0
2026-06-11 14:16:43,0
2026-06-11 14:16:43,0
2026-06-11 14:16:43,0
2026-06-11 14:16:44,0
2026-06-11 14:16:44,0
2026-06-11 14:16:44,0
2026-06-11 14:16:44,0
2026-06-11 14:16:45,0
2026-06-11 14:16:45,0
2026-06-11 14:16:45,0
2026-06-11 14:16:45,0
2026-06-11 14:16:45,0
2026-06-11 14:16:46,0
2026-06-11 14:16:46,0
2026-06-11 14:16:46,0
2026-06-11 14:16:46,0
2026-06-11 14:16:47,0
2026-06-11 14:16:47,0
2026-06-11 14:16:47,0
2026-06-11 14:16:47,0
2026-06-11 14:16:48,0
2026-06-11 14:16:48,0
2026-06-11 14:16:48,0
2026-06-11 14:16:48,0
2026-06-11 14:16:49,0
2026-06-11 14:16:49,0
2026-06-11 14:16:49,0
2026-06-11 14:16:49,0
2026-06-11 14:16:49,0
2026-06-11 14:16:50,0
2026-06-11 14:16:50,0
2026-06-11 14:16:50,0
2026-06-11 14:16:50,0
2026-06-11 14:16:51,0
2026-06-11 14:16:51,0
2026-06-11 14:16:51,0
2026-06-11 14:16:51,0
2026-06-11 14:16:51,0
2026-06-11 14:16:52,0
2026-06-11 14:16:52,0
2026-06-11 14:16:52,0
2026-06-11 14:16:52,0
2026-06-11 14:16:53,0
2026-06-11 14:16:53,0
2026-06-11 14:16:53,0
2026-06-11 14:16:53,0
2026-06-11 14:16:53,0
2026-06-11 14:16:54,0
2026-06-11 14:16:54,0
2026-06-11 14:16:54,0
2026-06-11 14:16:54,0
2026-06-11 14:16:55,0
2026-06-11 14:16:55,0
2026-06-11 14:16:55,0
2026-06-11 14:16:56,0
2026-06-11 14:16:56,0
2026-06-11 14:16:56,0
2026-06-11 14:16:56,0
2026-06-11 14:16:56,0
2026-06-11 14:16:57,0
2026-06-11 14:16:57,0
2026-06-11 14:16:57,0
2026-06-11 14:16:57,0
2026-06-11 14:16:57,0
2026-06-11 14:16:57,0
2026-06-11 14:16:58,0
2026-06-11 14:17:00,0
2026-06-11 14:17:00,0
2026-06-11 14:17:00,0
2026-06-11 14:17:01,0
2026-06-11 14:17:01,0
2026-06-11 14:17:01,0
2026-06-11 14:17:01,0
2026-06-11 14:17:01,0
2026-06-11 14:17:02,0
2026-06-11 14:17:02,0
2026-06-11 14:17:02,0
2026-06-11 14:17:02,0
2026-06-11 14:17:02,0
2026-06-11 14:17:03,1
2026-06-11 14:17:03,0
2026-06-11 14:17:03,1
2026-06-11 14:17:03,1
2026-06-11 14:17:03,1
2026-06-11 14:17:04,1
2026-06-11 14:17:04,1
2026-06-11 14:17:04,1
2026-06-11 14:17:04,1
2026-06-11 14:17:04,1
2026-06-11 14:17:05,1
2026-06-11 14:17:05,1
2026-06-11 14:17:05,1
2026-06-11 14:17:05,1
2026-06-11 14:17:05,1
2026-06-11 14:17:06,1
2026-06-11 14:17:06,1
2026-06-11 14:17:06,1
2026-06-11 14:17:06,1
2026-06-11 14:17:06,1
2026-06-11 14:17:07,1
2026-06-11 14:17:07,1
2026-06-11 14:17:07,1
2026-06-11 14:17:08,1
2026-06-11 14:17:08,1
2026-06-11 14:17:08,1
2026-06-11 14:17:08,1
2026-06-11 14:17:09,1
2026-06-11 14:17:09,1
2026-06-11 14:17:09,1
2026-06-11 14:17:09,1
2026-06-11 14:17:10,1
2026-06-11 14:17:10,1
2026-06-11 14:17:10,1
2026-06-11 14:17:10,1
2026-06-11 14:17:31,1
2026-06-11 14:17:32,1
2026-06-11 14:17:32,1
2026-06-11 14:17:32,1
2026-06-11 14:17:32,1
2026-06-11 14:17:32,1
2026-06-11 14:17:33,1
2026-06-11 14:17:33,1
2026-06-11 14:17:33,1
2026-06-11 14:17:33,1
2026-06-11 14:17:34,1
2026-06-11 14:17:34,1
2026-06-11 14:17:34,1
2026-06-11 14:17:34,1
2026-06-11 14:17:35,1
2026-06-11 14:17:35,1
2026-06-11 14:17:35,1
2026-06-11 14:17:35,1
2026-06-11 14:17:36,0
2026-06-11 14:17:36,0
2026-06-11 14:17:36,0
2026-06-11 14:17:36,0
2026-06-11 14:17:37,0
2026-06-11 14:17:37,0
2026-06-11 14:17:37,1
2026-06-11 14:17:37,0
2026-06-11 14:17:38,0
2026-06-11 14:17:38,0
2026-06-11 14:17:38,0
2026-06-11 14:17:38,0
2026-06-11 14:17:39,0
2026-06-11 14:17:39,0
2026-06-11 14:17:39,0
2026-06-11 14:17:39,0
2026-06-11 14:17:39,0
2026-06-11 14:17:40,0
2026-06-11 14:17:40,0
2026-06-11 14:17:40,0
2026-06-11 14:17:40,1
2026-06-11 14:17:41,1
2026-06-11 14:17:41,1
2026-06-11 14:17:41,1
2026-06-11 14:17:41,1
2026-06-11 14:17:41,1
2026-06-11 14:17:42,1
2026-06-11 14:17:42,1
2026-06-11 14:17:42,1
2026-06-11 14:17:42,1
2026-06-11 14:17:43,1
2026-06-11 14:17:43,0
2026-06-11 14:17:43,1
2026-06-11 14:17:43,0
2026-06-11 14:17:44,0
2026-06-11 14:17:44,0
2026-06-11 14:17:45,1
2026-06-11 14:17:45,1
2026-06-11 14:18:49,1
2026-06-11 14:18:50,1
2026-06-11 14:18:50,1
2026-06-11 14:18:50,1
2026-06-11 14:18:50,1
2026-06-11 14:18:51,1
2026-06-11 14:18:51,1
2026-06-11 14:18:51,1
2026-06-11 14:18:51,0
2026-06-11 14:18:51,0
2026-06-11 14:18:52,0
2026-06-11 14:18:52,0
2026-06-11 14:18:52,0
2026-06-11 14:18:52,0
2026-06-11 14:18:52,0
2026-06-11 14:18:53,1
2026-06-11 14:18:53,1
2026-06-11 14:18:53,1
2026-06-11 14:18:53,1
2026-06-11 14:18:53,1
2026-06-11 14:18:54,1
2026-06-11 14:18:54,1
2026-06-11 14:18:54,1
2026-06-11 14:18:54,1
2026-06-11 14:18:54,1
2026-06-11 14:18:55,1
2026-06-11 14:18:55,1
2026-06-11 14:18:55,1
2026-06-11 14:18:55,1
2026-06-11 14:18:55,1
2026-06-11 14:18:56,1
2026-06-11 14:18:56,1
2026-06-11 14:18:56,1
2026-06-11 14:18:56,1
2026-06-11 14:18:57,1
2026-06-11 14:18:57,1
2026-06-11 14:18:57,1
2026-06-11 14:18:57,1
2026-06-11 14:18:57,1
2026-06-11 14:18:58,1
2026-06-11 14:18:58,1
2026-06-11 14:18:58,0
2026-06-11 14:18:58,0
2026-06-11 14:18:58,0
2026-06-11 14:18:58,0
2026-06-11 14:18:59,0
2026-06-11 14:18:59,0
2026-06-11 14:18:59,0
2026-06-11 14:18:59,0
2026-06-11 14:18:59,0
2026-06-11 14:19:00,0
2026-06-11 14:19:00,0
2026-06-11 14:19:00,0
2026-06-11 14:19:00,0
2026-06-11 14:19:00,0
2026-06-11 14:19:01,0
2026-06-11 14:19:01,0
2026-06-11 14:19:01,0
2026-06-11 14:19:01,0
2026-06-11 14:19:01,0
2026-06-11 14:19:01,1
2026-06-11 14:19:02,1
2026-06-11 14:19:02,1
2026-06-11 14:19:02,1
2026-06-11 14:19:02,1
2026-06-11 14:19:03,1
2026-06-11 14:19:03,1
2026-06-11 14:19:03,0
2026-06-11 14:19:03,0
2026-06-11 14:19:03,0
2026-06-11 14:19:04,0
2026-06-11 14:19:04,0
2026-06-11 14:19:04,0
2026-06-11 14:19:04,1
2026-06-11 14:19:04,0
2026-06-11 14:19:05,0
2026-06-11 14:19:05,1
2026-06-11 14:19:05,1
2026-06-11 14:19:05,1
2026-06-11 14:19:05,0
2026-06-11 14:19:06,1
2026-06-11 14:19:06,0
2026-06-11 14:19:06,0
2026-06-11 14:19:06,1
2026-06-11 14:19:06,1
2026-06-11 14:19:07,1
2026-06-11 14:19:07,1
2026-06-11 14:19:07,1
2026-06-11 14:19:07,1
2026-06-11 14:19:07,1
2026-06-11 14:19:08,1
2026-06-11 14:19:08,1
2026-06-11 14:19:08,1
2026-06-11 14:19:09,1
2026-06-11 14:19:09,1
2026-06-11 14:19:09,1
2026-06-11 14:19:09,1
2026-06-11 14:19:09,1
2026-06-11 14:19:10,1
2026-06-11 14:19:10,1
2026-06-11 14:19:11,1
2026-06-11 14:19:11,1
2026-06-11 14:19:11,0
2026-06-11 14:19:11,0
2026-06-11 14:19:11,0
2026-06-11 14:19:12,0
2026-06-11 14:23:11,0
2026-06-11 14:23:12,0
2026-06-11 14:23:12,0
2026-06-11 14:23:12,0
2026-06-11 14:23:12,0
2026-06-11 14:23:12,0
2026-06-11 14:23:13,0
2026-06-11 14:23:13,0
2026-06-11 14:23:13,0
2026-06-11 14:23:13,0
2026-06-11 14:23:14,0
2026-06-11 14:23:14,0
2026-06-11 14:23:14,0
2026-06-11 14:23:14,0
2026-06-11 14:23:14,0
2026-06-11 14:23:15,2
2026-06-11 14:23:15,1
2026-06-11 14:23:15,1
2026-06-11 14:23:15,1
2026-06-11 14:23:16,1
2026-06-11 14:23:16,1
2026-06-11 14:23:16,0
2026-06-11 14:23:16,0
2026-06-11 14:23:16,0
2026-06-11 14:23:17,0
2026-06-11 14:23:17,0
2026-06-11 14:23:17,0
2026-06-11 14:23:17,0
2026-06-11 14:23:17,0
2026-06-11 14:23:17,0
2026-06-11 14:23:17,0
2026-06-11 14:23:18,1
2026-06-11 14:23:18,1
2026-06-11 14:23:18,1
2026-06-11 14:23:18,1
2026-06-11 14:23:18,1
2026-06-11 14:23:18,1
2026-06-11 14:23:18,1
2026-06-11 14:23:19,1
2026-06-11 14:23:19,1
2026-06-11 14:23:19,1
2026-06-11 14:23:19,1
2026-06-11 14:23:19,1
2026-06-11 14:23:19,1
2026-06-11 14:23:20,1
2026-06-11 14:23:20,1
2026-06-11 14:23:20,1
2026-06-11 14:23:20,1
2026-06-11 14:23:20,1
2026-06-11 14:23:20,1
2026-06-11 14:23:21,1
2026-06-11 14:29:26,1
2026-06-11 14:29:26,1
2026-06-11 14:29:26,1
2026-06-11 14:29:27,1
2026-06-11 14:29:27,1
2026-06-11 14:29:27,1
2026-06-11 14:29:27,1
2026-06-11 14:29:27,1
2026-06-11 14:29:28,1
2026-06-11 14:29:28,1
2026-06-11 14:29:28,1
2026-06-11 14:29:28,1
2026-06-11 14:29:28,1
2026-06-11 14:29:29,1
2026-06-11 14:29:29,1
2026-06-11 14:29:29,1
2026-06-11 14:29:29,1
2026-06-11 14:29:29,1
2026-06-11 14:29:29,1
2026-06-11 14:29:30,1
2026-06-11 14:29:30,1
2026-06-11 14:29:30,1
2026-06-11 14:29:30,1
2026-06-11 14:29:30,1
2026-06-11 14:29:30,1
2026-06-11 14:29:31,1
2026-06-11 14:29:31,1
2026-06-11 14:29:31,1
2026-06-11 14:29:31,1
2026-06-11 14:29:31,1
2026-06-11 14:29:32,1
2026-06-11 14:29:32,1
2026-06-11 14:29:32,1
2026-06-11 14:29:32,1
2026-06-11 14:29:32,1
2026-06-11 14:29:32,1
2026-06-11 14:29:33,1
2026-06-11 14:29:33,1
2026-06-11 14:29:33,1
2026-06-11 14:29:33,1
2026-06-11 14:29:33,1
2026-06-11 14:29:33,1
2026-06-11 14:29:34,1
2026-06-11 14:29:34,1
2026-06-11 14:29:34,1
2026-06-11 14:29:34,1
2026-06-11 14:29:34,1
2026-06-11 14:29:34,1
2026-06-11 14:29:35,1
2026-06-11 14:29:35,1
2026-06-11 14:29:35,1
2026-06-11 14:29:35,1
2026-06-11 14:29:35,1
2026-06-11 14:29:35,1
2026-06-11 14:29:36,1
2026-06-11 14:29:36,1
2026-06-11 14:29:36,1
2026-06-11 14:29:36,1
2026-06-11 14:29:36,1
2026-06-11 14:29:36,1
2026-06-11 14:29:37,1
2026-06-11 14:29:37,1
2026-06-11 14:29:37,1
2026-06-11 14:29:37,1
2026-06-11 14:29:37,1
2026-06-11 14:29:37,1
2026-06-11 14:29:38,1
2026-06-11 14:29:38,1
2026-06-11 14:29:38,1
2026-06-11 14:29:38,1
2026-06-11 14:29:38,1
2026-06-11 14:29:39,1
2026-06-11 14:29:39,1
2026-06-11 14:29:39,1
2026-06-11 14:29:39,1
2026-06-11 14:29:39,1
2026-06-11 14:29:39,1
2026-06-11 14:29:40,1
2026-06-11 14:29:40,1
2026-06-11 14:29:40,1
2026-06-11 14:29:40,1
2026-06-11 14:29:40,1
2026-06-11 14:29:41,1
2026-06-11 14:29:41,1
2026-06-11 14:29:41,1
2026-06-11 14:29:41,1
2026-06-11 14:29:41,0
2026-06-11 14:29:42,0
2026-06-11 14:29:42,0
2026-06-11 14:29:42,0
2026-06-11 14:29:42,0
2026-06-11 14:29:42,0
2026-06-11 14:29:42,0
2026-06-11 14:29:43,0
2026-06-11 14:29:43,0
2026-06-11 14:29:43,0
2026-06-11 14:29:43,0
2026-06-11 14:29:43,0
2026-06-11 14:29:43,0
2026-06-11 14:29:44,0
2026-06-11 14:29:44,0
2026-06-11 14:29:44,0
2026-06-11 14:29:45,0
2026-06-11 14:29:45,0
2026-06-11 14:29:45,0
2026-06-11 14:29:45,0
2026-06-11 14:29:45,0
2026-06-11 14:29:45,0
2026-06-11 14:57:00,0
2026-06-11 14:57:00,0
2026-06-11 14:57:01,0
2026-06-11 14:57:01,0
2026-06-11 14:57:01,0
2026-06-11 14:57:01,0
2026-06-11 14:57:01,0
2026-06-11 14:57:02,0
2026-06-11 14:57:02,0
2026-06-11 14:57:02,0
2026-06-11 14:57:02,0
2026-06-11 14:57:02,0
2026-06-11 14:57:02,0
2026-06-11 14:57:03,0
2026-06-11 14:57:03,0
2026-06-11 14:57:03,0
2026-06-11 14:57:03,0
2026-06-11 14:57:03,0
2026-06-11 14:57:04,0
2026-06-11 14:57:04,0
2026-06-11 14:57:04,0
2026-06-11 14:57:04,0
2026-06-11 14:57:04,0
2026-06-11 14:57:04,0
2026-06-11 14:57:05,0
2026-06-11 14:57:05,0
2026-06-11 14:57:05,0
2026-06-11 14:57:05,0
2026-06-11 14:57:05,0
2026-06-11 14:57:05,0
2026-06-11 14:57:06,1
2026-06-11 14:57:06,0
2026-06-11 14:57:06,1
2026-06-11 14:57:06,1
2026-06-11 14:57:06,1
2026-06-11 14:57:07,1
2026-06-11 14:57:07,1
2026-06-11 14:57:07,1
2026-06-11 14:57:07,1
2026-06-11 14:57:07,1
2026-06-11 14:57:08,1
2026-06-11 14:57:08,1
2026-06-11 14:57:08,1
2026-06-11 14:57:08,1
2026-06-11 14:57:08,1
2026-06-11 14:57:08,1
2026-06-11 14:57:09,1
2026-06-11 14:57:09,1
2026-06-11 14:57:09,1
2026-06-11 14:57:09,1
2026-06-11 14:57:09,1
2026-06-11 14:57:09,1
2026-06-11 14:57:10,1
2026-06-11 14:57:10,1
2026-06-11 14:57:10,1
2026-06-11 14:57:10,0
2026-06-11 14:57:10,0
2026-06-11 14:57:10,1
2026-06-11 14:57:11,1
2026-06-11 14:57:11,0
2026-06-11 14:57:11,1
2026-06-11 14:57:11,1
2026-06-11 14:57:11,2
2026-06-11 14:57:11,1
2026-06-11 14:57:12,1
2026-06-11 14:57:12,1
2026-06-11 14:57:12,1
2026-06-11 14:57:12,1
2026-06-11 14:57:12,1
2026-06-11 14:57:13,2
2026-06-11 14:57:13,1
2026-06-11 14:57:13,2
2026-06-11 14:57:13,1
2026-06-11 14:57:13,2
2026-06-11 14:57:14,1
2026-06-11 14:57:14,1
2026-06-11 14:57:14,1
2026-06-11 14:57:14,1
2026-06-11 14:57:14,1
2026-06-11 14:57:14,1
2026-06-11 14:57:15,1
2026-06-11 14:57:15,2
2026-06-11 14:57:15,1
2026-06-11 14:57:15,2
2026-06-11 14:57:15,2
2026-06-11 14:57:16,1
2026-06-11 14:57:16,1
2026-06-11 14:57:16,1
2026-06-11 14:57:16,2
2026-06-11 14:57:16,1
2026-06-11 14:57:16,1
2026-06-11 15:39:42,0
2026-06-11 15:39:42,0
2026-06-11 15:39:42,0
2026-06-11 15:39:42,0
2026-06-11 15:39:43,0
2026-06-11 15:39:43,0
2026-06-11 15:39:43,0
2026-06-11 15:39:43,0
2026-06-11 15:39:43,0
2026-06-11 15:39:44,0
2026-06-11 15:39:44,0
2026-06-11 15:39:44,0
2026-06-11 15:39:44,0
2026-06-11 15:39:44,0
2026-06-11 15:39:45,0
2026-06-11 15:39:45,0
2026-06-11 15:39:45,0
2026-06-11 15:39:45,0
2026-06-11 15:39:45,0
2026-06-11 15:39:46,0
2026-06-11 15:39:46,0
2026-06-11 15:39:46,0
2026-06-11 15:39:46,0
2026-06-11 15:39:46,0
2026-06-11 15:39:47,0
2026-06-11 15:39:47,0
2026-06-11 15:39:47,0
2026-06-11 15:39:47,0
2026-06-11 15:39:48,0
2026-06-11 15:39:48,0
2026-06-11 15:39:48,0
2026-06-11 15:39:48,0
2026-06-11 15:39:48,0
2026-06-11 15:39:48,0
2026-06-11 15:39:49,0
2026-06-11 15:39:49,0
2026-06-11 15:39:49,0
2026-06-11 15:39:49,0
2026-06-11 15:39:49,0
2026-06-11 15:39:49,0
2026-06-11 15:39:49,0
2026-06-11 15:39:50,0
2026-06-11 15:39:50,0
2026-06-11 15:39:50,0
2026-06-11 15:39:50,0
2026-06-11 15:39:50,0
2026-06-11 15:39:50,0
2026-06-11 15:39:51,0
2026-06-11 15:39:51,0
2026-06-11 15:39:51,0
2026-06-11 15:39:51,0
2026-06-11 15:39:51,0
2026-06-11 15:39:51,0
2026-06-11 15:39:52,0
2026-06-11 15:39:52,0
2026-06-11 15:42:03,0
2026-06-11 15:42:04,0
2026-06-11 15:42:04,0
2026-06-11 15:42:04,0
2026-06-11 15:42:05,0
2026-06-11 15:42:05,0
2026-06-11 15:42:05,0
2026-06-11 15:42:05,0
2026-06-11 15:42:05,0
2026-06-11 15:42:06,0
2026-06-11 15:42:06,0
2026-06-11 15:42:06,0
2026-06-11 15:42:06,0
2026-06-11 15:42:07,0
2026-06-11 15:42:07,0
2026-06-11 15:42:07,0
2026-06-11 15:42:07,0
2026-06-11 15:42:07,0
2026-06-11 15:42:07,0
2026-06-11 15:42:08,1
2026-06-11 15:42:08,1
2026-06-11 15:42:08,1
2026-06-11 15:42:08,1
2026-06-11 15:42:08,1
2026-06-11 15:42:08,1
2026-06-11 15:42:09,1
2026-06-11 15:42:09,1
2026-06-11 15:42:09,1
2026-06-11 15:42:09,1
2026-06-11 15:42:09,1
2026-06-11 15:42:10,1
2026-06-11 15:42:10,1
2026-06-11 15:42:10,1
2026-06-11 15:42:10,1
2026-06-11 15:42:10,1
2026-06-11 15:42:11,1
2026-06-11 15:42:11,1
2026-06-11 15:42:11,1
2026-06-11 15:42:11,1
2026-06-11 15:42:11,1
2026-06-11 15:42:12,1
2026-06-11 15:42:12,1
2026-06-11 15:42:12,1
2026-06-11 15:42:12,2
2026-06-11 15:42:12,1
2026-06-11 15:42:13,1
2026-06-11 15:42:13,2
2026-06-11 15:42:13,1
2026-06-11 15:42:13,1
2026-06-11 15:42:13,1
2026-06-11 15:42:13,1
2026-06-11 15:42:14,1
2026-06-11 15:42:14,1
2026-06-11 15:42:14,0
2026-06-11 15:42:14,0
2026-06-11 15:42:14,0
2026-06-11 15:42:14,0
2026-06-11 15:42:14,0
2026-06-11 15:42:15,0
2026-06-11 15:42:15,0
2026-06-11 15:42:15,0
2026-06-11 15:42:15,0
2026-06-11 15:42:15,0
2026-06-11 15:42:15,0
2026-06-11 15:42:16,0
2026-06-11 15:42:16,0
2026-06-11 15:42:16,0
2026-06-11 15:42:16,0
2026-06-11 15:42:16,0
2026-06-11 15:42:16,0
2026-06-11 15:42:17,0
2026-06-11 15:42:17,0
2026-06-11 15:42:17,0
2026-06-11 15:42:17,0
2026-06-11 15:42:18,0
2026-06-11 15:42:18,0
2026-06-11 15:42:18,0
2026-06-11 15:42:18,0
2026-06-11 15:42:18,0
2026-06-11 15:42:18,0
2026-06-11 15:42:19,0
2026-06-11 15:42:19,0
2026-06-11 15:42:19,0
2026-06-11 15:42:19,0
2026-06-11 15:42:19,0
2026-06-11 15:42:19,0
2026-06-11 15:42:20,0
2026-06-11 15:42:20,0
2026-06-11 15:42:20,0
2026-06-11 15:42:20,0
2026-06-11 15:42:20,0
2026-06-11 15:42:20,0
2026-06-11 15:42:21,0
2026-06-11 15:42:21,0
2026-06-11 15:42:21,0
2026-06-11 15:42:21,0
2026-06-11 15:42:21,0
2026-06-11 15:42:21,0
2026-06-11 15:42:21,1
2026-06-11 15:42:22,1
2026-06-11 15:42:22,1
2026-06-11 15:42:22,1
2026-06-11 15:42:22,1
2026-06-11 15:42:22,1
2026-06-11 15:42:22,1
2026-06-11 15:42:23,1
2026-06-11 15:42:23,1
2026-06-11 15:42:23,1
2026-06-11 15:42:23,1
2026-06-11 15:42:23,1
2026-06-11 15:42:23,1
2026-06-11 15:42:24,1
2026-06-11 15:42:24,1
2026-06-11 15:42:24,1
2026-06-11 15:42:24,1
2026-06-11 15:42:24,1
2026-06-11 15:42:24,1
2026-06-11 15:42:25,0
2026-06-11 15:42:25,0
2026-06-11 15:42:25,1
2026-06-11 15:42:25,0
2026-06-11 15:42:25,0
2026-06-11 15:42:26,0
2026-06-11 15:42:26,0
2026-06-11 15:42:26,0
2026-06-11 15:42:26,0
2026-06-11 15:42:26,1
2026-06-11 15:42:27,1
2026-06-11 15:42:27,1
2026-06-11 15:42:27,0
2026-06-11 15:42:27,1
2026-06-11 15:42:27,0
2026-06-11 15:42:28,1
2026-06-11 15:42:28,1
2026-06-11 15:42:28,1
2026-06-11 15:42:28,1
2026-06-11 15:42:29,1
2026-06-11 15:42:29,1
2026-06-11 15:42:29,1
2026-06-11 15:42:29,1
2026-06-11 15:42:29,0
2026-06-11 15:42:30,1
2026-06-11 15:42:30,1
2026-06-11 15:42:30,1
2026-06-11 15:42:30,0
2026-06-11 15:42:30,1
2026-06-11 15:42:30,1
2026-06-11 15:42:31,1
2026-06-11 15:42:31,1
2026-06-11 15:42:31,1
2026-06-11 15:42:31,1
2026-06-11 15:42:31,1
2026-06-11 15:42:32,0
2026-06-11 15:42:32,1
2026-06-11 15:42:32,1
2026-06-11 15:42:32,1
2026-06-11 15:42:33,1
2026-06-11 15:42:33,1
2026-06-11 15:42:33,1
2026-06-11 15:42:33,1
2026-06-11 15:42:33,1
2026-06-11 15:49:28,1
2026-06-11 15:49:28,1
2026-06-11 15:49:28,1
2026-06-11 15:49:29,1
2026-06-11 15:49:29,1
2026-06-11 15:49:29,1
2026-06-11 15:49:29,1
2026-06-11 15:49:30,1
2026-06-11 15:49:30,1
2026-06-11 15:49:30,1
2026-06-11 15:49:30,1
2026-06-11 15:49:30,1
2026-06-11 15:49:31,1
2026-06-11 15:49:31,1
2026-06-11 15:49:31,1
2026-06-11 15:49:31,1
2026-06-11 15:49:31,1
2026-06-11 15:49:32,1
2026-06-11 15:49:32,1
2026-06-11 15:49:32,1
2026-06-11 15:49:32,1
2026-06-11 15:49:32,1
2026-06-11 15:49:33,1
2026-06-11 15:49:33,1
2026-06-11 15:49:33,1
2026-06-11 15:49:33,1
2026-06-11 15:49:33,1
2026-06-11 15:49:33,1
2026-06-11 15:49:34,1
2026-06-11 15:49:34,0
2026-06-11 15:49:34,0
2026-06-11 15:49:34,1
2026-06-11 15:49:34,0
2026-06-11 15:49:35,0
2026-06-11 15:49:35,1
2026-06-11 15:49:35,1
2026-06-11 15:49:35,1
2026-06-11 15:49:35,1
2026-06-11 15:49:36,1
2026-06-11 15:49:36,1
2026-06-11 15:49:36,0
2026-06-11 15:49:36,0
2026-06-11 15:49:36,1
2026-06-11 15:49:37,1
2026-06-11 15:49:37,1
2026-06-11 15:49:37,1
2026-06-11 15:49:37,1
2026-06-11 15:49:38,1
2026-06-11 15:49:38,0
2026-06-11 15:49:38,0
2026-06-11 15:49:38,0
2026-06-11 15:49:38,0
2026-06-11 15:49:39,0
2026-06-11 15:49:39,1
2026-06-11 15:49:40,1
2026-06-11 15:49:40,1
2026-06-11 15:49:40,1
2026-06-11 15:49:40,1
2026-06-11 15:49:40,1
2026-06-11 15:49:41,1
2026-06-11 15:49:41,1
2026-06-11 15:49:41,1
2026-06-11 15:49:42,1
2026-06-11 15:49:42,1
2026-06-11 15:49:42,1
2026-06-11 15:49:42,1
2026-06-11 15:50:42,1
2026-06-11 15:50:43,1
2026-06-11 15:50:43,1
2026-06-11 15:50:43,1
2026-06-11 15:50:43,1
2026-06-11 15:50:43,1
2026-06-11 15:50:44,1
2026-06-11 15:50:44,1
2026-06-11 15:50:44,1
2026-06-11 15:50:44,1
2026-06-11 15:50:44,1
2026-06-11 15:50:45,1
2026-06-11 15:50:45,1
2026-06-11 15:50:45,1
2026-06-11 15:50:46,1
2026-06-11 15:50:46,1
2026-06-11 15:50:46,1
2026-06-11 15:50:47,1
2026-06-11 15:50:47,1
2026-06-11 15:50:47,1
2026-06-11 15:50:47,1
2026-06-11 15:50:47,1
2026-06-11 15:50:48,1
2026-06-11 15:50:48,0
2026-06-11 15:50:48,0
2026-06-11 15:50:48,0
2026-06-11 15:50:49,0
2026-06-11 15:50:49,0
2026-06-11 15:50:49,0
2026-06-11 15:50:49,0
2026-06-11 15:50:49,0
2026-06-11 15:50:50,0
2026-06-11 15:50:50,0
2026-06-11 15:50:50,0
2026-06-11 15:50:50,0
2026-06-11 15:50:51,0
2026-06-11 15:50:51,0
2026-06-11 15:50:51,0
2026-06-11 15:50:51,0
2026-06-11 15:50:51,0
2026-06-11 15:50:51,0
2026-06-11 15:50:52,0
2026-06-11 15:50:52,0
2026-06-11 15:50:52,0
2026-06-11 15:50:52,0
2026-06-11 15:50:52,0
2026-06-11 15:50:53,0
2026-06-11 15:50:53,0
2026-06-11 15:50:53,0
2026-06-11 15:50:53,0
2026-06-11 15:50:53,0
2026-06-11 15:50:53,0
2026-06-11 15:50:54,0
2026-06-11 15:50:54,0
2026-06-11 15:50:54,0
2026-06-11 15:50:54,1
2026-06-11 15:50:54,1
2026-06-11 15:50:55,1
2026-06-11 15:50:55,1
2026-06-11 15:50:55,1
2026-06-11 15:50:55,1
2026-06-11 15:50:55,1
2026-06-11 15:50:56,1
2026-06-11 15:50:56,1
2026-06-11 15:50:56,1
2026-06-11 15:50:56,1
2026-06-11 15:50:57,1
2026-06-11 15:50:57,1
2026-06-11 15:50:57,1
2026-06-11 15:50:57,1
2026-06-11 15:50:57,1
2026-06-11 15:50:58,1
2026-06-11 15:50:58,1
2026-06-11 15:50:58,1
2026-06-11 15:50:58,1
2026-06-11 15:50:58,1
2026-06-11 15:50:59,1
2026-06-11 15:50:59,1
2026-06-11 15:50:59,1
2026-06-11 15:50:59,1
2026-06-11 17:43:15,1
2026-06-11 17:43:15,1
2026-06-11 17:43:15,1
2026-06-11 17:43:16,1
2026-06-11 17:43:16,1
2026-06-11 17:43:16,1
2026-06-11 17:43:16,1
2026-06-11 17:43:17,1
2026-06-11 17:43:17,1
2026-06-11 17:43:17,1
2026-06-11 17:43:17,1
2026-06-11 17:43:18,1
2026-06-11 17:43:18,1
2026-06-11 17:43:18,1
2026-06-11 17:43:18,1
2026-06-11 17:43:18,1
2026-06-11 17:43:19,1
2026-06-11 17:43:19,1
2026-06-11 17:43:19,1
2026-06-11 17:43:19,1
2026-06-11 17:43:19,1
2026-06-11 17:43:20,1
2026-06-11 17:43:20,1
2026-06-11 17:43:20,1
2026-06-11 17:43:20,1
2026-06-11 17:43:20,1
2026-06-11 17:43:20,1
2026-06-11 17:43:21,1
2026-06-11 17:43:21,1
2026-06-11 17:43:21,1
2026-06-11 17:43:21,1
2026-06-11 17:43:21,1
2026-06-11 17:43:21,1
2026-06-11 17:43:22,1
2026-06-11 17:43:22,1
2026-06-11 17:43:22,1
2026-06-11 17:43:22,1
2026-06-11 17:43:22,1
2026-06-11 17:43:23,1
2026-06-11 17:43:23,1
2026-06-11 17:43:23,1
2026-06-11 17:43:23,1
2026-06-11 17:43:23,1
2026-06-11 17:43:23,1
2026-06-11 17:43:24,1
2026-06-11 17:43:24,1
2026-06-11 17:43:24,1
2026-06-11 17:43:24,1
2026-06-11 17:43:25,1
2026-06-11 17:43:25,1
2026-06-11 17:43:25,1
2026-06-11 17:43:26,1
2026-06-11 17:43:26,1
2026-06-11 17:43:26,1
2026-06-11 17:43:26,1
2026-06-11 17:43:26,1
2026-06-11 17:43:27,1
2026-06-11 17:43:27,1
2026-06-11 17:43:27,1
2026-06-11 17:43:27,1
2026-06-11 17:43:27,1
2026-06-11 17:43:27,1
2026-06-11 17:43:27,1
2026-06-11 17:43:28,1
2026-06-11 17:43:28,1
2026-06-11 17:43:28,1
2026-06-11 17:43:28,1
2026-06-11 17:43:28,1
2026-06-11 17:43:28,1
2026-06-11 17:43:29,1
2026-06-11 17:43:29,1
2026-06-11 17:43:29,1
2026-06-11 17:43:29,1
2026-06-11 17:43:29,1
2026-06-11 17:43:29,1
2026-06-11 17:43:30,1
2026-06-11 17:43:30,1
2026-06-11 17:43:30,1
2026-06-11 17:43:30,1
2026-06-11 17:43:30,1
2026-06-11 17:43:30,1
2026-06-11 17:43:31,1
2026-06-11 17:43:31,1
2026-06-11 17:43:31,1
2026-06-11 17:43:31,1
2026-06-11 17:43:31,1
2026-06-11 17:43:31,1
2026-06-11 17:43:32,1
2026-06-11 17:43:32,1
2026-06-11 17:43:32,1
2026-06-11 17:43:32,1
2026-06-11 17:43:32,1
2026-06-11 17:43:33,1
2026-06-11 17:43:33,1
2026-06-11 17:43:33,1
2026-06-11 17:43:33,1
2026-06-11 17:43:33,1
2026-06-11 17:43:33,1
2026-06-11 17:43:34,1
2026-06-11 17:43:34,1
2026-06-11 17:43:34,1
2026-06-11 17:43:34,1
2026-06-11 17:43:34,1
2026-06-11 17:43:34,1
2026-06-11 17:43:34,1
2026-06-11 17:43:35,1
2026-06-11 17:43:35,1
2026-06-11 17:43:35,1
2026-06-11 17:43:35,1
2026-06-11 17:43:35,1
2026-06-11 17:43:36,1
2026-06-11 17:43:36,1
2026-06-11 17:43:36,1
2026-06-11 17:43:36,1
2026-06-11 17:43:36,1
2026-06-11 17:43:36,1
2026-06-11 17:43:36,1
2026-06-11 17:43:37,1
2026-06-11 17:43:37,1
2026-06-11 17:43:37,1
2026-06-11 17:43:37,1
2026-06-11 17:43:37,1
2026-06-11 17:43:37,1
2026-06-11 17:43:38,1
2026-06-11 17:43:38,1
2026-06-11 17:43:38,1
2026-06-11 17:43:38,1
2026-06-11 17:43:38,1
2026-06-11 17:43:38,1
2026-06-11 17:43:39,1
2026-06-11 17:43:39,1
2026-06-11 17:43:39,1
2026-06-11 17:43:39,1
2026-06-11 17:43:39,1
2026-06-11 17:43:39,1
2026-06-11 17:43:40,1
2026-06-11 17:43:40,1
2026-06-11 17:43:40,1
2026-06-11 17:43:40,1
2026-06-11 17:43:40,1
2026-06-11 17:43:40,1
2026-06-11 17:43:41,1
2026-06-11 17:43:41,1
2026-06-11 17:43:41,1
2026-06-11 17:43:41,1
2026-06-11 17:43:41,1
2026-06-11 17:43:41,1
2026-06-11 17:43:42,1
2026-06-11 17:43:42,1
2026-06-11 17:43:42,1
2026-06-11 17:43:42,1
2026-06-11 17:43:42,1
2026-06-11 17:43:42,1
2026-06-11 17:43:43,1
2026-06-11 17:43:43,1
2026-06-11 17:43:43,1
2026-06-11 17:43:43,1
2026-06-11 17:43:43,1
2026-06-11 17:43:43,1
2026-06-11 17:43:44,1
2026-06-11 17:43:44,1
2026-06-11 17:43:44,1
2026-06-11 17:43:44,1
2026-06-11 17:43:44,1
2026-06-11 17:43:44,1
2026-06-11 17:43:45,1
2026-06-11 17:43:45,1
2026-06-11 17:43:45,1
2026-06-11 17:43:45,1
2026-06-11 17:43:45,1
2026-06-11 17:43:45,1
2026-06-11 17:43:46,1
2026-06-11 17:43:46,1
2026-06-11 17:43:46,1
2026-06-11 17:43:46,1
2026-06-11 17:43:46,1
2026-06-11 17:43:46,1
2026-06-11 17:43:47,1
2026-06-11 17:43:47,1
2026-06-11 17:43:47,1
2026-06-11 17:43:47,2
2026-06-11 17:43:47,1
2026-06-11 17:43:47,1
2026-06-11 17:43:48,1
2026-06-11 17:43:48,1
2026-06-11 17:43:48,1
2026-06-11 17:43:48,1
2026-06-11 17:43:48,1
2026-06-11 17:43:48,1
2026-06-11 17:43:49,1
2026-06-11 17:43:49,1
2026-06-11 17:43:49,1
2026-06-11 17:43:49,1
2026-06-11 17:43:49,1
2026-06-11 17:43:49,1
2026-06-11 17:43:50,1
2026-06-11 17:43:50,1
2026-06-11 17:43:50,1
2026-06-11 17:43:50,1
2026-06-11 17:43:50,1
2026-06-11 17:43:51,1
2026-06-11 17:43:51,1
2026-06-11 17:43:51,1
2026-06-11 17:43:51,1
2026-06-11 17:43:51,1
2026-06-11 17:43:51,1
2026-06-11 17:43:51,1
2026-06-11 17:43:52,1
2026-06-11 17:43:52,1
2026-06-11 17:43:52,1
2026-06-11 17:43:53,1
2026-06-11 17:43:53,1
2026-06-11 17:43:53,1
2026-06-11 17:43:53,1
2026-06-11 17:43:53,1
2026-06-11 17:43:53,1
2026-06-11 17:43:54,1
2026-06-11 17:43:54,1
2026-06-11 17:43:54,1
2026-06-11 17:43:54,1
2026-06-11 17:43:54,1
2026-06-11 17:43:54,1
2026-06-11 17:43:55,1
2026-06-11 17:43:55,1
2026-06-11 17:43:55,1
2026-06-11 17:43:55,1
2026-06-11 17:43:55,1
2026-06-11 17:43:55,1
2026-06-11 17:43:56,1
2026-06-11 17:43:56,1
2026-06-11 17:43:56,1
2026-06-11 17:43:56,1
2026-06-11 17:43:56,1
2026-06-11 17:43:56,1
2026-06-11 17:43:57,1
2026-06-11 17:43:57,1
2026-06-11 17:43:57,1
2026-06-11 17:43:57,1
2026-06-11 17:43:57,1
2026-06-11 17:43:57,1
2026-06-11 17:43:57,1
2026-06-11 17:43:58,1
2026-06-11 17:43:58,1
2026-06-11 17:43:58,1
2026-06-11 17:43:58,1
2026-06-11 17:43:58,1
2026-06-11 17:43:58,1
2026-06-11 17:43:59,1
2026-06-11 17:43:59,1
2026-06-11 17:43:59,1
2026-06-11 17:43:59,1
2026-06-11 17:43:59,1
2026-06-11 17:43:59,1
2026-06-11 17:44:00,1
2026-06-11 17:44:00,1
2026-06-11 17:44:00,1
2026-06-11 17:44:00,1
2026-06-11 17:44:00,1
2026-06-11 17:44:00,1
2026-06-11 17:44:01,1
2026-06-11 17:44:01,1
2026-06-11 17:44:01,1
2026-06-11 17:44:01,1
2026-06-11 17:44:01,1
2026-06-11 17:44:02,1
2026-06-11 17:44:02,1
2026-06-11 17:44:02,1
2026-06-11 17:44:02,1
2026-06-11 17:44:03,1
2026-06-11 17:44:03,1
2026-06-11 17:44:03,1
2026-06-11 17:44:03,1
2026-06-11 17:44:03,1
2026-06-11 17:44:04,1
2026-06-11 17:44:04,1
2026-06-11 17:44:04,1
2026-06-11 17:44:04,1
2026-06-11 17:44:05,1
2026-06-11 17:44:05,1
2026-06-11 17:44:05,1
2026-06-11 17:44:05,1
2026-06-11 17:44:05,1
2026-06-11 17:44:06,1
2026-06-11 17:44:06,1
2026-06-11 17:44:06,1
2026-06-11 17:44:07,1
2026-06-11 17:44:07,1
2026-06-11 17:44:07,1
2026-06-11 17:44:07,1
2026-06-11 17:44:07,1
2026-06-11 17:44:08,1
2026-06-11 17:44:08,1
2026-06-11 17:44:08,1
2026-06-11 17:44:09,1
2026-06-11 17:44:09,1
2026-06-11 17:44:09,1
2026-06-11 17:44:09,1
2026-06-11 17:44:09,1
2026-06-11 17:44:10,1
2026-06-11 17:44:10,1
2026-06-11 17:44:10,1
2026-06-11 17:44:10,1
2026-06-11 17:44:11,1
2026-06-11 17:44:11,1
2026-06-11 17:44:11,1
2026-06-11 17:44:11,1
2026-06-11 17:44:11,1
2026-06-11 17:44:12,1
2026-06-11 17:44:12,1
2026-06-11 17:44:12,1
2026-06-11 17:44:13,1
2026-06-11 17:44:13,1
2026-06-11 17:44:14,1
2026-06-11 17:44:14,1
2026-06-11 17:44:14,1
2026-06-11 17:44:15,1
2026-06-11 17:44:15,1
2026-06-11 17:44:15,1
2026-06-11 17:44:15,1
2026-06-11 17:44:16,1
2026-06-11 17:44:16,1
2026-06-11 17:44:16,1
2026-06-11 17:44:16,1
2026-06-11 17:44:17,1
2026-06-11 17:44:17,1
2026-06-11 17:44:17,1
2026-06-11 17:44:17,1
2026-06-11 17:44:17,1
2026-06-11 17:44:18,1
2026-06-11 17:44:18,1
2026-06-11 17:44:18,1
2026-06-11 17:44:19,1
2026-06-11 17:44:19,1
2026-06-11 17:44:19,1
2026-06-11 17:44:19,1
2026-06-11 17:44:20,1
2026-06-11 17:44:20,1
2026-06-11 17:44:20,1
2026-06-11 17:44:20,1
2026-06-11 17:44:21,1
2026-06-11 17:44:21,1
2026-06-11 17:44:21,1
2026-06-11 17:44:21,1
2026-06-11 17:44:22,1
2026-06-11 17:44:22,1
2026-06-11 17:44:22,1
2026-06-11 17:44:22,1
2026-06-11 17:44:23,1
2026-06-11 17:44:23,1
2026-06-11 17:44:23,1
2026-06-11 17:44:24,1
2026-06-11 17:44:24,1
2026-06-11 17:44:24,1
2026-06-11 17:44:24,1
2026-06-11 17:44:25,1
2026-06-11 17:44:25,1
2026-06-11 17:44:25,1
2026-06-11 17:44:25,1
2026-06-11 17:44:26,1
2026-06-11 17:44:26,1
2026-06-11 17:44:26,1
2026-06-11 17:44:26,1
2026-06-11 17:44:27,1
2026-06-11 17:44:27,1
2026-06-11 17:44:27,1
2026-06-11 17:44:27,1
2026-06-11 17:44:27,1
2026-06-11 17:44:28,1
2026-06-11 17:44:28,1
2026-06-11 17:44:28,1
2026-06-11 17:44:28,1
2026-06-11 17:44:28,1
2026-06-11 17:44:29,1
2026-06-11 17:44:29,1
2026-06-11 17:44:29,1
2026-06-11 17:44:29,1
2026-06-11 17:44:30,1
2026-06-11 17:44:30,1
2026-06-11 17:44:31,1
2026-06-11 17:44:31,1
2026-06-11 17:44:32,1
2026-06-11 17:44:32,1
2026-06-11 17:44:32,1
2026-06-11 17:44:32,1
2026-06-11 17:44:33,1
2026-06-11 17:44:33,1
2026-06-11 17:44:33,1
2026-06-11 17:44:33,1
2026-06-11 17:44:34,1
2026-06-11 17:44:34,1
2026-06-11 17:44:34,1
2026-06-11 17:44:34,1
2026-06-11 17:44:35,1
2026-06-11 17:44:35,1
2026-06-11 17:44:35,1
2026-06-11 17:44:35,1
2026-06-11 17:44:36,1
2026-06-11 17:44:36,1
2026-06-11 17:44:36,1
2026-06-11 17:44:36,1
2026-06-11 17:44:36,1
2026-06-11 17:44:37,1
2026-06-11 17:44:38,1
2026-06-11 17:44:38,1
2026-06-11 17:44:39,1
2026-06-11 17:44:40,1
2026-06-11 17:44:40,1
2026-06-11 17:44:40,1
2026-06-11 17:44:40,1
2026-06-11 17:44:41,1
2026-06-11 17:44:41,1
2026-06-11 17:44:41,1
2026-06-11 17:44:41,1
2026-06-11 17:44:42,1
2026-06-11 17:44:42,1
2026-06-11 17:44:42,1
2026-06-11 17:44:43,1
2026-06-11 17:44:43,1
2026-06-11 17:44:43,1
2026-06-11 17:44:44,1
2026-06-11 17:44:44,1
2026-06-11 17:44:44,1
2026-06-11 17:44:44,1
2026-06-11 17:44:45,1
2026-06-11 17:44:45,1
2026-06-11 17:44:45,1
2026-06-11 17:44:45,1
2026-06-11 17:44:46,1
2026-06-11 17:44:46,1
2026-06-11 17:44:46,1
2026-06-11 17:44:46,1
2026-06-11 17:44:47,1
2026-06-11 17:44:47,1
2026-06-11 17:44:47,1
2026-06-11 17:44:48,1
2026-06-11 17:44:48,1
2026-06-11 17:44:49,1
2026-06-11 17:44:49,1
2026-06-11 17:44:49,1
2026-06-11 17:44:49,1
2026-06-11 17:44:50,1
2026-06-11 17:44:50,1
2026-06-11 17:44:50,1
2026-06-11 17:44:50,1
2026-06-11 17:44:51,1
2026-06-11 17:44:51,1
2026-06-11 17:44:51,1
2026-06-11 17:44:51,1
2026-06-11 17:44:52,1
2026-06-11 17:44:52,1
2026-06-11 17:44:52,1
2026-06-11 17:44:52,1
2026-06-11 17:44:53,1
2026-06-11 17:44:53,1
2026-06-11 17:44:54,1
2026-06-11 17:44:54,1
2026-06-11 17:44:55,1
2026-06-11 17:44:55,1
2026-06-11 17:44:55,1
2026-06-11 17:44:55,1
2026-06-11 17:44:56,1
2026-06-11 17:44:56,1
2026-06-11 17:44:56,1
2026-06-11 17:44:56,1
2026-06-11 17:44:57,1
2026-06-11 17:44:57,1
2026-06-11 17:44:57,1
2026-06-11 17:44:58,1
2026-06-11 17:44:58,1
2026-06-11 17:44:58,1
2026-06-11 17:44:58,1
2026-06-11 17:44:58,1
2026-06-11 17:44:59,1
2026-06-11 17:44:59,1
2026-06-11 17:44:59,1
2026-06-11 17:44:59,1
2026-06-11 17:45:00,1
2026-06-11 17:45:00,1
2026-06-11 17:45:00,1
2026-06-11 17:45:00,1
2026-06-11 17:45:00,1
2026-06-11 17:45:01,1
2026-06-11 17:45:01,1
2026-06-11 17:45:01,1
2026-06-11 17:45:01,1
2026-06-11 17:45:02,1
2026-06-11 17:45:02,1
2026-06-11 17:45:02,1
2026-06-11 17:45:02,1
2026-06-11 17:45:03,1
2026-06-11 17:45:03,1
2026-06-11 17:45:03,1
2026-06-11 17:45:03,1
2026-06-11 17:45:04,1
2026-06-11 17:45:04,1
2026-06-11 17:45:04,1
2026-06-11 17:45:04,1
2026-06-11 17:45:04,1
2026-06-11 17:45:05,1
2026-06-11 17:45:05,1
2026-06-11 17:45:05,1
2026-06-11 17:45:06,1
2026-06-11 17:45:06,1
2026-06-11 17:45:06,1
2026-06-11 17:45:06,1
2026-06-11 17:45:06,1
2026-06-11 17:45:07,1
2026-06-11 17:45:07,1
2026-06-11 17:45:07,1
2026-06-11 17:45:08,1
2026-06-11 17:45:08,1
2026-06-11 17:45:08,1
2026-06-11 17:45:08,1
2026-06-11 17:45:09,1
2026-06-11 17:45:09,1
2026-06-11 17:45:09,1
2026-06-11 17:45:09,1
2026-06-11 17:45:10,1
2026-06-11 17:45:10,1
2026-06-11 17:45:10,1
2026-06-11 17:45:10,1
2026-06-11 17:45:11,1
2026-06-11 17:45:11,1
2026-06-11 17:45:11,1
2026-06-11 17:45:11,1
2026-06-11 17:45:11,1
2026-06-11 17:45:12,1
2026-06-11 17:45:12,1
2026-06-11 17:45:12,1
2026-06-11 17:45:12,1
2026-06-11 17:45:12,1
2026-06-11 17:45:13,1
2026-06-11 17:45:13,1
2026-06-11 17:45:13,1
2026-06-11 17:45:14,1
2026-06-11 17:45:14,1
2026-06-11 17:45:14,1
2026-06-11 17:45:15,1
2026-06-11 17:45:15,1
2026-06-11 17:45:15,1
2026-06-11 17:45:15,1
2026-06-11 17:45:16,1
2026-06-11 17:45:16,1
2026-06-11 17:45:16,1
2026-06-11 17:45:16,1
2026-06-11 17:45:17,1
2026-06-11 17:45:17,1
2026-06-11 17:45:17,1
2026-06-11 17:45:18,1
2026-06-11 17:45:18,1
2026-06-11 17:45:18,1
2026-06-11 17:45:19,1
2026-06-11 17:45:19,1
2026-06-11 17:45:19,1
2026-06-11 17:45:19,1
2026-06-11 17:45:20,1
2026-06-11 17:45:20,1
2026-06-11 17:45:20,1
2026-06-11 17:45:20,1
2026-06-11 17:45:20,1
2026-06-11 17:45:21,1
2026-06-11 17:45:21,1
2026-06-11 17:45:21,1
2026-06-11 17:45:21,1
2026-06-11 17:45:21,1
2026-06-11 17:45:22,1
2026-06-11 17:45:22,1
2026-06-11 17:45:22,1
2026-06-11 17:45:23,1
2026-06-11 17:45:23,1
2026-06-11 17:45:23,1
2026-06-11 17:45:23,1
2026-06-11 17:45:24,1
2026-06-11 17:45:24,1
2026-06-11 17:45:24,1
2026-06-11 17:45:25,1
2026-06-11 17:45:25,1
2026-06-11 17:45:25,1
2026-06-11 17:45:25,1
2026-06-11 17:45:25,1
2026-06-11 17:45:26,1
2026-06-11 17:45:26,1
2026-06-11 17:45:26,1
2026-06-11 17:45:26,1
2026-06-11 17:45:27,1
2026-06-11 17:45:27,1
2026-06-11 17:45:27,1
2026-06-11 17:45:27,1
2026-06-11 17:45:27,1
2026-06-11 17:45:28,1
2026-06-11 17:45:28,1
2026-06-11 17:45:28,1
2026-06-11 17:45:28,1
2026-06-11 17:45:29,1
2026-06-11 17:45:29,1
2026-06-11 17:45:29,1
2026-06-11 17:45:29,1
2026-06-11 17:45:30,1
2026-06-11 17:45:30,1
2026-06-11 17:45:30,1
2026-06-11 17:45:31,1
2026-06-11 17:45:31,1
2026-06-11 17:45:31,1
2026-06-11 17:45:32,1
2026-06-11 17:45:32,1
2026-06-11 17:45:32,1
2026-06-11 17:45:33,1
2026-06-11 17:45:33,1
2026-06-11 17:45:34,1
2026-06-11 17:45:34,1
2026-06-11 17:45:34,1
2026-06-11 17:45:34,1
2026-06-11 17:45:35,1
2026-06-11 17:45:35,1
2026-06-11 17:45:35,1
2026-06-11 17:45:36,1
2026-06-11 17:45:36,1
2026-06-11 17:45:36,1
2026-06-11 17:45:36,1
2026-06-11 17:45:37,1
2026-06-11 17:45:37,1
2026-06-11 17:45:37,1
2026-06-11 17:45:38,1
2026-06-11 17:45:38,1
2026-06-11 17:45:38,1
2026-06-11 17:45:38,1
2026-06-11 17:45:38,1
2026-06-11 17:45:39,1
2026-06-11 17:45:39,1
2026-06-11 17:45:39,1
2026-06-11 17:45:39,1
2026-06-11 17:45:40,1
2026-06-11 17:45:40,1
2026-06-11 17:45:40,1
2026-06-11 17:45:40,1
2026-06-11 17:45:41,1
2026-06-11 17:45:41,1
2026-06-11 17:45:41,1
2026-06-11 17:45:41,1
2026-06-11 17:45:41,1
2026-06-11 17:45:42,1
2026-06-11 17:45:42,1
2026-06-11 17:45:42,1
2026-06-11 17:45:42,1
2026-06-11 17:45:43,1
2026-06-11 17:45:43,1
2026-06-11 17:45:43,1
2026-06-11 17:45:43,1
2026-06-11 17:45:44,1
2026-06-11 17:45:44,1
2026-06-11 17:45:44,1
2026-06-11 17:45:44,1
2026-06-11 17:45:45,1
2026-06-11 17:45:45,1
2026-06-11 17:45:45,1
2026-06-11 17:45:46,1
2026-06-11 17:45:46,1
2026-06-11 17:45:46,1
2026-06-11 17:45:47,1
2026-06-11 17:45:47,1
2026-06-11 17:45:47,1
2026-06-11 17:45:48,1
2026-06-11 17:45:48,1
2026-06-11 17:45:48,1
2026-06-11 17:45:49,1
2026-06-11 17:45:49,1
2026-06-11 17:45:49,1
2026-06-11 17:45:50,1
2026-06-11 17:45:50,1
2026-06-11 17:45:50,1
2026-06-11 17:45:50,1
2026-06-11 17:45:51,1
2026-06-11 17:45:51,1
2026-06-11 17:45:51,1
2026-06-11 17:45:51,1
2026-06-11 17:45:52,1
2026-06-11 17:45:52,1
2026-06-11 17:45:52,1
2026-06-11 17:45:52,1
2026-06-11 17:45:53,1
2026-06-11 17:45:53,1
2026-06-11 17:45:53,1
2026-06-11 17:45:53,1
2026-06-11 17:45:54,1
2026-06-11 17:45:54,1
2026-06-11 17:45:54,1
2026-06-11 17:45:54,1
2026-06-11 17:45:55,1
2026-06-11 17:45:55,1
2026-06-11 17:45:55,1
2026-06-11 17:45:55,1
2026-06-11 17:45:55,1
2026-06-11 17:45:56,1
2026-06-11 17:45:56,1
2026-06-11 17:45:56,1
2026-06-11 17:45:56,1
2026-06-11 17:45:57,1
2026-06-11 17:45:57,1
2026-06-11 17:45:57,1
2026-06-11 17:45:57,1
2026-06-11 17:45:58,1
2026-06-11 17:45:58,1
2026-06-11 17:45:58,1
2026-06-11 17:45:58,1
2026-06-11 17:45:59,1
2026-06-11 17:45:59,1
2026-06-11 17:45:59,1
2026-06-11 17:46:00,1
2026-06-11 17:46:00,1
2026-06-11 17:46:00,1
2026-06-11 17:46:01,0
2026-06-11 17:46:01,1
2026-06-11 17:46:01,1
2026-06-11 17:46:01,1
2026-06-11 17:46:02,1
2026-06-11 17:46:02,1
2026-06-11 17:46:02,1
2026-06-11 17:46:02,1
2026-06-11 17:46:02,1
2026-06-11 17:46:03,1
2026-06-11 17:46:03,1
2026-06-11 17:46:03,1
2026-06-11 17:46:03,1
2026-06-11 17:46:04,1
2026-06-11 17:46:04,1
2026-06-11 17:46:04,1
2026-06-11 17:46:04,1
2026-06-11 17:46:04,1
2026-06-11 17:46:05,1
2026-06-11 17:46:05,1
2026-06-11 17:46:05,1
2026-06-11 17:46:06,1
2026-06-11 17:46:06,1
2026-06-11 17:46:06,1
2026-06-11 17:46:06,1
2026-06-11 17:46:07,1
2026-06-11 17:46:07,1
2026-06-11 17:46:07,1
2026-06-11 17:46:08,1
2026-06-11 17:46:08,1
2026-06-11 17:46:09,1
2026-06-11 17:46:09,1
2026-06-11 17:46:10,0
2026-06-11 17:46:10,1
2026-06-11 17:46:11,1
2026-06-11 17:46:11,1
2026-06-11 17:46:11,1
2026-06-11 17:46:11,1
2026-06-11 17:46:12,1
2026-06-11 17:46:12,1
2026-06-11 17:46:12,1
2026-06-11 17:46:12,1
2026-06-11 17:46:13,1
2026-06-11 17:46:13,1
2026-06-11 17:46:13,1
2026-06-11 17:46:13,1
2026-06-11 17:46:14,1
2026-06-11 17:46:14,1
2026-06-11 17:46:14,1
2026-06-11 17:46:15,1
2026-06-11 17:46:15,1
2026-06-11 17:46:15,1
2026-06-11 17:46:16,1
2026-06-11 17:46:16,1
2026-06-11 17:46:16,1
2026-06-11 17:46:16,1
2026-06-11 17:46:16,1
2026-06-11 17:46:17,1
2026-06-11 17:46:17,1
2026-06-11 17:46:17,1
2026-06-11 17:46:17,1
2026-06-11 17:46:18,1
2026-06-11 17:46:18,1
2026-06-11 17:46:18,1
2026-06-11 17:46:18,1
2026-06-11 17:46:19,1
2026-06-11 17:46:19,1
2026-06-11 17:46:19,1
2026-06-11 17:46:20,1
2026-06-11 17:46:20,1
2026-06-11 17:46:20,1
2026-06-11 17:46:20,1
2026-06-11 17:46:20,1
2026-06-11 17:46:21,1
2026-06-11 17:46:21,1
2026-06-11 17:46:21,1
2026-06-11 17:46:21,1
2026-06-11 17:46:22,1
2026-06-11 17:46:22,1
2026-06-11 17:46:22,1
2026-06-11 17:46:22,1
2026-06-11 17:46:22,1
2026-06-11 17:46:23,1
2026-06-11 17:46:23,1
2026-06-11 17:46:23,1
2026-06-11 17:46:24,1
2026-06-11 17:46:24,1
2026-06-11 17:46:24,1
2026-06-11 17:46:25,1
2026-06-11 17:46:25,1
2026-06-11 17:46:25,1
2026-06-11 17:46:26,1
2026-06-11 17:46:26,1
2026-06-11 17:46:26,1
2026-06-11 17:46:26,1
2026-06-11 17:46:27,1
2026-06-11 17:46:27,1
2026-06-11 17:46:27,1
2026-06-11 17:46:27,1
2026-06-11 17:46:28,1
2026-06-11 17:46:28,1
2026-06-11 17:46:28,1
2026-06-11 17:46:28,1
2026-06-11 17:46:29,1
2026-06-11 17:46:29,1
2026-06-11 17:46:29,1
2026-06-11 17:46:29,1
2026-06-11 17:46:30,1
2026-06-11 17:46:30,1
2026-06-11 17:46:30,1
2026-06-11 17:46:30,1
2026-06-11 17:46:30,1
2026-06-11 17:46:31,1
2026-06-11 17:46:31,1
2026-06-11 17:46:31,1
2026-06-11 17:46:31,1
2026-06-11 17:46:31,1
2026-06-11 17:46:31,1
2026-06-11 17:46:32,1
2026-06-11 17:46:32,1
2026-06-11 17:46:32,0
2026-06-11 17:46:32,0
2026-06-11 17:46:32,1
2026-06-11 17:46:33,1
2026-06-11 17:46:33,1
2026-06-11 17:46:33,1
2026-06-11 17:46:33,1
2026-06-11 17:46:33,1
2026-06-11 17:46:34,1
2026-06-11 17:46:34,1
2026-06-11 17:46:34,1
2026-06-11 17:46:34,1
2026-06-11 17:46:34,1
2026-06-11 17:46:35,1
2026-06-11 17:46:35,1
2026-06-11 17:46:35,1
2026-06-11 17:46:35,1
2026-06-11 17:46:35,1
2026-06-11 17:46:35,1
2026-06-11 17:46:36,1
2026-06-11 17:46:36,1
2026-06-11 17:46:36,1
2026-06-11 17:46:36,1
2026-06-11 17:46:37,1
2026-06-11 17:46:37,1
2026-06-11 17:46:37,0
2026-06-11 17:46:37,1
2026-06-11 17:46:37,1
2026-06-11 17:46:38,1
2026-06-11 17:46:38,1
2026-06-11 17:46:38,1
2026-06-11 17:46:38,1
2026-06-11 17:46:38,1
2026-06-11 17:46:39,1
2026-06-11 17:46:39,1
2026-06-11 17:46:39,1
2026-06-11 17:46:39,1
2026-06-11 17:46:39,1
2026-06-11 17:46:40,1
2026-06-11 17:46:40,1
2026-06-11 17:46:40,1
2026-06-11 17:46:40,1
2026-06-11 17:46:41,1
2026-06-11 17:46:41,1
2026-06-11 17:46:41,1
2026-06-11 17:46:41,1
2026-06-11 17:46:42,1
2026-06-11 17:46:42,1
2026-06-11 17:46:42,1
2026-06-11 17:46:42,1
2026-06-11 17:46:42,1
2026-06-11 17:46:43,1
2026-06-11 17:46:44,1
2026-06-11 17:46:44,1
2026-06-11 17:46:44,1
2026-06-11 17:46:45,1
2026-06-11 17:46:45,1
2026-06-11 17:46:45,1
2026-06-11 17:46:46,1
2026-06-11 17:46:46,1
2026-06-11 17:46:46,1
2026-06-11 17:46:46,1
2026-06-11 17:46:47,1
2026-06-11 17:46:47,1
2026-06-11 17:46:47,1
2026-06-11 17:46:48,1
2026-06-11 17:46:48,1
2026-06-11 17:46:48,1
2026-06-11 17:46:48,1
2026-06-11 17:46:49,1
2026-06-11 17:46:49,1
2026-06-11 17:46:49,1
2026-06-11 17:46:50,1
2026-06-11 17:46:50,1
2026-06-11 17:46:50,1
2026-06-11 17:46:50,1
2026-06-11 17:46:51,1
2026-06-11 17:46:51,1
2026-06-11 17:46:52,1
2026-06-11 17:46:52,1
2026-06-11 17:46:52,1
2026-06-11 17:46:52,1
2026-06-11 17:46:53,1
2026-06-11 17:46:53,1
2026-06-11 17:46:53,1
2026-06-11 17:46:53,1
2026-06-11 17:46:54,1
2026-06-11 17:46:54,1
2026-06-11 17:46:54,1
2026-06-11 17:46:54,1
2026-06-11 17:46:55,1
2026-06-11 17:46:55,1
2026-06-11 17:46:55,1
2026-06-11 17:46:55,1
2026-06-11 17:46:56,1
2026-06-11 17:46:56,1
2026-06-11 17:46:56,1
2026-06-11 17:46:56,1
2026-06-11 17:46:57,1
2026-06-11 17:46:57,1
2026-06-11 17:46:57,1
2026-06-11 17:46:57,1
2026-06-11 17:46:58,1
2026-06-11 17:46:58,1
2026-06-11 17:46:58,1
2026-06-11 17:46:58,1
2026-06-11 17:46:59,1
2026-06-11 17:46:59,1
2026-06-11 17:46:59,1
2026-06-11 17:46:59,1
2026-06-11 17:46:59,1
2026-06-11 17:47:00,1
2026-06-11 17:47:00,1
2026-06-11 17:47:00,1
2026-06-11 17:47:00,1
2026-06-11 17:47:00,1
2026-06-11 17:47:01,1
2026-06-11 17:47:01,1
2026-06-11 17:47:01,1
2026-06-11 17:47:01,1
2026-06-11 17:47:01,1
2026-06-11 17:47:02,1
2026-06-11 17:47:02,1
2026-06-11 17:47:02,1
2026-06-11 17:47:02,1
2026-06-11 17:47:02,1
2026-06-11 17:47:03,1
2026-06-11 17:47:03,1
2026-06-11 17:47:03,1
2026-06-11 17:47:03,1
2026-06-11 17:47:03,1
2026-06-11 17:47:03,1
2026-06-11 17:47:04,1
2026-06-11 17:47:04,1
2026-06-11 17:47:04,1
2026-06-11 17:47:05,1
2026-06-11 17:47:05,1
2026-06-11 17:47:05,1
2026-06-11 17:47:05,1
2026-06-11 17:47:06,1
2026-06-11 17:47:06,1
2026-06-11 17:47:06,1
2026-06-11 17:47:06,1
2026-06-11 17:47:07,1
2026-06-11 17:47:07,1
2026-06-11 17:47:07,1
2026-06-11 17:47:07,1
2026-06-11 17:47:08,1
2026-06-11 17:47:08,1
2026-06-11 17:47:08,1
2026-06-11 17:47:08,1
2026-06-11 17:47:09,1
2026-06-11 17:47:09,1
2026-06-11 17:47:09,1
2026-06-11 17:47:09,1
2026-06-11 17:47:09,1
2026-06-11 17:47:10,1
2026-06-11 17:47:10,1
2026-06-11 17:47:10,1
2026-06-11 17:47:10,1
2026-06-11 17:47:10,1
2026-06-11 17:47:11,1
2026-06-11 17:47:11,1
2026-06-11 17:47:11,1
2026-06-11 17:47:11,1
2026-06-11 17:47:11,1
2026-06-11 17:47:11,1
2026-06-11 17:47:12,1
2026-06-11 17:47:12,1
2026-06-11 17:47:12,1
2026-06-11 17:47:12,1
2026-06-11 17:47:12,1
2026-06-11 17:47:13,1
2026-06-11 17:47:13,1
2026-06-11 17:47:13,1
2026-06-11 17:47:13,1
2026-06-11 17:47:13,1
2026-06-11 17:47:14,1
2026-06-11 17:47:14,1
2026-06-11 17:47:14,1
2026-06-11 17:47:14,1
2026-06-11 17:47:15,1
2026-06-11 17:47:15,1
2026-06-11 17:47:15,1
2026-06-11 17:47:15,1
2026-06-11 17:47:16,1
2026-06-11 17:47:16,1
2026-06-11 17:47:16,1
2026-06-11 17:47:17,1
2026-06-11 17:47:17,1
2026-06-11 17:47:17,1
2026-06-11 17:47:17,1
2026-06-11 17:47:18,1
2026-06-11 17:47:18,1
2026-06-11 17:47:18,1
2026-06-11 17:47:18,1
2026-06-11 17:47:19,1
2026-06-11 17:47:19,1
2026-06-11 17:47:19,1
2026-06-11 17:47:19,1
2026-06-11 17:47:19,1
2026-06-11 17:47:20,1
2026-06-11 17:47:20,1
2026-06-11 17:47:20,1
2026-06-11 17:47:20,1
2026-06-11 17:47:20,1
2026-06-11 17:47:21,1
2026-06-11 17:47:21,1
2026-06-11 17:47:22,1
2026-06-11 17:47:22,1
2026-06-11 17:47:22,1
2026-06-11 17:47:22,1
2026-06-11 17:47:23,1
2026-06-11 17:47:23,1
2026-06-11 17:47:23,1
2026-06-11 17:47:23,1
2026-06-11 17:47:23,1
2026-06-11 17:47:24,1
2026-06-11 17:47:24,1
2026-06-11 17:47:24,1
2026-06-11 17:47:24,1
2026-06-11 17:47:24,1
2026-06-11 17:47:25,1
2026-06-11 17:47:25,1
2026-06-11 17:47:25,1
2026-06-11 17:47:25,1
2026-06-11 17:47:25,1
2026-06-11 17:47:26,1
2026-06-11 17:47:26,1
2026-06-11 17:47:26,1
2026-06-11 17:47:26,1
2026-06-11 17:47:26,1
2026-06-11 17:47:27,1
2026-06-11 17:47:27,1
2026-06-11 17:47:27,1
2026-06-11 17:47:27,1
2026-06-11 17:47:28,1
2026-06-11 17:47:28,1
2026-06-11 17:47:28,1
2026-06-11 17:47:28,1
2026-06-11 17:47:28,1
2026-06-11 17:47:29,1
2026-06-11 17:47:29,1
2026-06-11 17:47:29,1
2026-06-11 17:47:29,1
2026-06-11 17:47:29,1
2026-06-11 17:47:29,1
2026-06-11 17:47:30,1
2026-06-11 17:47:30,1
2026-06-11 17:47:30,1
2026-06-11 17:47:30,1
2026-06-11 17:47:31,1
2026-06-11 17:47:31,1
2026-06-11 17:47:31,2
2026-06-11 17:47:31,1
2026-06-11 17:47:31,1
2026-06-11 17:47:31,1
2026-06-11 17:47:32,1
2026-06-11 17:47:32,1
2026-06-11 17:47:32,1
2026-06-11 17:47:32,1
2026-06-11 17:47:32,1
2026-06-11 17:47:33,1
2026-06-11 17:47:33,1
2026-06-11 17:47:33,1
2026-06-11 17:47:33,1
2026-06-11 17:47:33,1
2026-06-11 17:47:34,1
2026-06-11 17:47:34,1
2026-06-11 17:47:34,1
2026-06-11 17:47:34,1
2026-06-11 17:47:34,1
2026-06-11 17:47:35,1
2026-06-11 17:47:35,1
2026-06-11 17:47:35,1
2026-06-11 17:47:35,1
2026-06-11 17:47:36,1
2026-06-11 17:47:36,1
2026-06-11 17:47:36,1
2026-06-11 17:47:36,1
2026-06-11 17:47:36,1
2026-06-11 17:47:37,1
2026-06-11 17:47:37,1
2026-06-11 17:47:37,1
2026-06-11 17:47:37,1
2026-06-11 17:47:38,1
2026-06-11 17:47:38,1
2026-06-11 17:47:38,1
2026-06-11 17:47:38,1
2026-06-11 17:47:39,1
2026-06-11 17:47:39,1
2026-06-11 17:47:39,1
2026-06-11 17:47:39,1
2026-06-11 17:47:40,1
2026-06-11 17:47:40,1
2026-06-11 17:47:40,1
2026-06-11 17:47:40,1
2026-06-11 17:47:40,1
2026-06-11 17:47:41,1
2026-06-11 17:47:41,1
2026-06-11 17:47:41,1
2026-06-11 17:47:42,1
2026-06-11 17:47:42,1
2026-06-11 17:47:42,1
2026-06-11 17:47:43,1
2026-06-11 17:47:43,1
2026-06-11 17:47:43,1
2026-06-11 17:47:43,1
2026-06-11 17:47:43,1
2026-06-11 17:47:44,1
2026-06-11 17:47:44,1
2026-06-11 17:47:44,1
2026-06-11 17:47:44,1
2026-06-11 17:47:44,1
2026-06-11 17:47:45,1
2026-06-11 17:47:45,1
2026-06-11 17:47:45,1
2026-06-11 17:47:45,1
2026-06-11 17:47:46,1
2026-06-11 17:47:46,1
2026-06-11 17:47:46,1
2026-06-11 17:47:46,1
2026-06-11 17:47:46,1
2026-06-11 17:47:47,1
2026-06-11 17:47:47,1
2026-06-11 17:47:47,1
2026-06-11 17:47:47,1
2026-06-11 17:47:48,1
2026-06-11 17:47:48,1
2026-06-11 17:47:48,1
2026-06-11 17:47:48,1
2026-06-11 17:47:48,1
2026-06-11 17:47:49,1
2026-06-11 17:47:49,1
2026-06-11 17:47:49,1
2026-06-11 17:47:50,1
2026-06-11 17:47:50,1
2026-06-11 17:47:50,1
2026-06-11 17:47:50,1
2026-06-11 17:47:51,1
2026-06-11 17:47:51,1
2026-06-11 17:47:51,1
2026-06-11 17:47:51,1
2026-06-11 17:47:52,1
2026-06-11 17:47:52,1
2026-06-11 17:47:52,1
2026-06-11 17:47:52,1
2026-06-11 17:47:53,1
2026-06-11 17:47:53,1
2026-06-11 17:47:53,1
2026-06-11 17:47:54,1
2026-06-11 17:47:54,1
2026-06-11 17:47:54,1
2026-06-11 17:47:55,1
2026-06-11 17:47:55,1
2026-06-11 17:47:55,1
2026-06-11 17:47:56,1
2026-06-11 17:47:57,1
2026-06-11 17:47:59,1
2026-06-11 17:47:59,1
2026-06-11 17:47:59,1
2026-06-11 17:47:59,1
2026-06-11 17:48:00,1
2026-06-11 17:48:00,1
2026-06-11 17:48:00,1
2026-06-11 17:48:00,1
2026-06-11 17:48:00,1
2026-06-11 17:48:01,1
2026-06-11 17:48:01,1
2026-06-11 17:48:01,1
2026-06-11 17:48:01,1
2026-06-11 17:48:02,1
2026-06-11 17:48:02,1
2026-06-11 17:48:02,1
2026-06-11 17:48:02,1
2026-06-11 17:48:02,1
2026-06-11 17:48:03,1
2026-06-11 17:48:03,1
2026-06-11 17:48:03,1
2026-06-11 17:48:03,1
2026-06-11 17:48:03,1
2026-06-11 17:48:04,1
2026-06-11 17:48:04,1
2026-06-11 17:48:04,1
2026-06-11 17:48:04,1
2026-06-11 17:48:05,1
2026-06-11 17:48:05,1
2026-06-11 17:48:05,1
2026-06-11 17:48:05,1
2026-06-11 17:48:05,1
2026-06-11 17:48:06,1
2026-06-11 17:48:06,1
2026-06-11 17:48:06,1
2026-06-11 17:48:06,1
2026-06-11 17:48:07,1
2026-06-11 17:48:07,1
2026-06-11 17:48:07,1
2026-06-11 17:48:07,1
2026-06-11 17:48:08,1
2026-06-11 17:48:08,1
2026-06-11 17:48:08,1
2026-06-11 17:48:08,1
2026-06-11 17:48:09,1
2026-06-11 17:48:09,1
2026-06-11 17:48:09,1
2026-06-11 17:48:09,1
2026-06-11 17:48:09,1
2026-06-11 17:48:10,1
2026-06-11 17:48:10,1
2026-06-11 17:48:10,1
2026-06-11 17:48:10,1
2026-06-11 17:48:11,1
2026-06-11 17:48:11,1
2026-06-11 17:48:11,1
2026-06-11 17:48:11,1
2026-06-11 17:48:12,1
2026-06-11 17:48:12,1
2026-06-11 17:48:12,1
2026-06-11 17:48:12,1
2026-06-11 17:48:12,1
2026-06-11 17:48:13,1
2026-06-11 17:48:13,1
2026-06-11 17:48:13,1
2026-06-11 17:48:13,1
2026-06-11 17:48:14,1
2026-06-11 17:48:14,1
2026-06-11 17:48:14,1
2026-06-11 17:48:14,1
2026-06-11 17:48:14,1
2026-06-11 17:48:15,1
2026-06-11 17:48:15,1
2026-06-11 17:48:15,1
2026-06-11 17:48:15,1
2026-06-11 17:48:15,1
2026-06-11 17:48:16,1
2026-06-11 17:48:16,1
2026-06-11 17:48:16,1
2026-06-11 17:48:17,1
2026-06-11 17:48:17,1
2026-06-11 17:48:17,1
2026-06-11 17:48:17,1
2026-06-11 17:48:18,1
2026-06-11 17:48:18,1
2026-06-11 17:48:18,1
2026-06-11 17:48:18,1
2026-06-11 17:48:19,1
2026-06-11 17:48:19,1
2026-06-11 17:48:19,1
2026-06-11 17:48:19,1
2026-06-11 17:48:20,1
2026-06-11 17:48:20,1
2026-06-11 17:48:20,1
2026-06-11 17:48:20,1
2026-06-11 17:48:20,1
2026-06-11 17:48:21,1
2026-06-11 17:48:21,1
2026-06-11 17:48:21,1
2026-06-11 17:48:21,1
2026-06-11 17:48:21,1
2026-06-11 17:48:22,1
2026-06-11 17:48:22,1
2026-06-11 17:48:22,1
2026-06-11 17:48:22,1
2026-06-11 17:48:23,1
2026-06-11 17:48:24,1
2026-06-11 17:48:24,1
2026-06-11 17:48:25,1
2026-06-11 17:48:25,1
2026-06-11 17:48:26,1
2026-06-11 17:48:26,1
2026-06-11 17:48:26,1
2026-06-11 17:48:26,1
2026-06-11 17:48:27,1
2026-06-11 17:48:27,1
2026-06-11 17:48:27,1
2026-06-11 17:48:27,1
2026-06-11 17:48:28,1
2026-06-11 17:48:28,1
2026-06-11 17:48:28,1
2026-06-11 17:48:28,1
2026-06-11 17:48:28,1
2026-06-11 17:48:29,1
2026-06-11 17:48:29,1
2026-06-11 17:48:29,1
2026-06-11 17:48:30,1
2026-06-11 17:48:30,1
2026-06-11 17:48:30,1
2026-06-11 17:48:31,1
2026-06-11 17:48:31,1
2026-06-11 17:48:32,1
2026-06-11 17:48:32,1
2026-06-11 17:48:32,1
2026-06-11 17:48:32,1
2026-06-11 17:48:33,1
2026-06-11 17:48:33,1
2026-06-11 17:48:33,1
2026-06-11 17:48:33,1
2026-06-11 17:48:34,1
2026-06-11 17:48:34,1
2026-06-11 17:48:34,1
2026-06-11 17:48:34,1
2026-06-11 17:48:34,1
2026-06-11 17:48:35,1
2026-06-11 17:48:35,1
2026-06-11 17:48:35,1
2026-06-11 17:48:35,1
2026-06-11 17:48:35,1
2026-06-11 17:48:36,1
2026-06-11 17:48:36,1
2026-06-11 17:48:36,1
2026-06-11 17:48:36,1
2026-06-11 17:48:37,1
2026-06-11 17:48:37,1
2026-06-11 17:48:37,1
2026-06-11 17:48:37,1
2026-06-11 17:48:38,1
2026-06-11 17:48:38,1
2026-06-11 17:48:38,1
2026-06-11 17:48:38,1
2026-06-11 17:48:39,1
2026-06-11 17:48:39,1
2026-06-11 17:48:39,1
2026-06-11 17:48:39,1
2026-06-11 17:48:39,1
2026-06-11 17:48:40,1
2026-06-11 17:48:40,1
2026-06-11 17:48:40,1
2026-06-11 17:48:40,1
2026-06-11 17:48:40,1
2026-06-11 17:48:41,1
2026-06-11 17:48:41,1
2026-06-11 17:48:41,1
2026-06-11 17:48:41,1
2026-06-11 17:48:41,1
2026-06-11 17:48:42,1
2026-06-11 17:48:42,1
2026-06-11 17:48:42,1
2026-06-11 17:48:42,1
2026-06-11 17:48:42,1
2026-06-11 17:48:42,1
2026-06-11 17:48:43,1
2026-06-11 17:48:43,1
2026-06-11 17:48:43,1
2026-06-11 17:48:43,1
2026-06-11 17:48:43,1
2026-06-11 17:48:44,1
2026-06-11 17:48:44,1
2026-06-11 17:48:44,1
2026-06-11 17:48:44,1
2026-06-11 17:48:45,1
2026-06-11 17:48:45,1
2026-06-11 17:48:45,1
2026-06-11 17:48:45,1
2026-06-11 17:48:45,1
2026-06-11 17:48:45,1
2026-06-11 17:48:46,1
2026-06-11 17:48:46,1
2026-06-11 17:48:46,1
2026-06-11 17:48:46,1
2026-06-11 17:48:46,1
2026-06-11 17:48:47,1
2026-06-11 17:48:47,1
2026-06-11 17:48:47,1
2026-06-11 17:48:47,1
2026-06-11 17:48:47,1
2026-06-11 17:48:47,1
2026-06-11 17:48:48,1
2026-06-11 17:48:48,1
2026-06-11 17:48:48,1
2026-06-11 17:48:48,1
2026-06-11 17:48:48,1
2026-06-11 17:48:49,1
2026-06-11 17:48:49,1
2026-06-11 17:48:49,1
2026-06-11 17:48:49,1
2026-06-11 17:48:49,1
2026-06-11 17:48:49,1
2026-06-11 17:48:50,1
2026-06-11 17:48:50,1
2026-06-11 17:48:50,1
2026-06-11 17:48:50,1
2026-06-11 17:48:50,1
2026-06-11 17:48:51,1
2026-06-11 17:48:51,1
2026-06-11 17:48:51,1
2026-06-11 17:48:51,1
2026-06-11 17:48:51,1
2026-06-11 17:48:51,1
2026-06-11 17:48:52,1
2026-06-11 17:48:52,1
2026-06-11 17:48:52,1
2026-06-11 17:48:52,1
2026-06-11 17:48:52,1
2026-06-11 17:48:53,1
2026-06-11 17:48:53,1
2026-06-11 17:48:53,1
2026-06-11 17:48:53,1
2026-06-11 17:48:53,1
2026-06-11 17:48:53,1
2026-06-11 17:48:54,1
2026-06-11 17:48:54,1
2026-06-11 17:48:54,1
2026-06-11 17:48:54,1
2026-06-11 17:48:55,1
2026-06-11 17:48:55,1
2026-06-11 17:48:55,1
2026-06-11 17:48:55,1
2026-06-11 17:48:55,1
2026-06-11 17:48:55,1
2026-06-11 17:48:56,1
2026-06-11 17:48:56,1
2026-06-11 17:48:56,1
2026-06-11 17:48:56,1
2026-06-11 17:48:56,1
2026-06-11 17:48:57,1
2026-06-11 17:48:57,1
2026-06-11 17:48:57,1
2026-06-11 17:48:57,1
2026-06-11 17:48:57,1
2026-06-11 17:48:57,1
2026-06-11 17:48:58,1
2026-06-11 17:48:58,1
2026-06-11 17:48:58,1
2026-06-11 17:48:58,1
2026-06-11 17:48:58,1
2026-06-11 17:48:58,1
2026-06-11 17:48:59,1
2026-06-11 17:48:59,1
2026-06-11 17:48:59,1
2026-06-11 17:48:59,1
2026-06-11 17:48:59,1
2026-06-11 17:49:00,1
2026-06-11 17:49:00,1
2026-06-11 17:49:00,1
2026-06-11 17:49:00,1
2026-06-11 17:49:00,1
2026-06-11 17:49:00,1
2026-06-11 17:49:01,1
2026-06-11 17:49:01,1
2026-06-11 17:49:01,1
2026-06-11 17:49:01,1
2026-06-11 17:49:01,1
2026-06-11 17:49:02,1
2026-06-11 17:49:02,1
2026-06-11 17:49:02,1
2026-06-11 17:49:02,1
2026-06-11 17:49:02,1
2026-06-11 17:49:03,1
2026-06-11 17:49:03,1
2026-06-11 17:49:03,1
2026-06-11 17:49:03,1
2026-06-11 17:49:03,1
2026-06-11 17:49:03,1
2026-06-11 17:49:04,1
2026-06-11 17:49:04,1
2026-06-11 17:49:04,0
2026-06-11 17:49:04,1
2026-06-11 17:49:04,1
2026-06-11 17:49:04,1
2026-06-11 17:49:05,0
2026-06-11 17:49:05,1
2026-06-11 17:49:05,1
2026-06-11 17:49:05,1
2026-06-11 17:49:05,1
2026-06-11 17:49:05,2
2026-06-11 17:49:06,1
2026-06-11 17:49:06,1
2026-06-11 17:49:06,1
2026-06-11 17:49:06,1
2026-06-11 17:49:06,1
2026-06-11 17:49:07,1
2026-06-11 17:49:07,1
2026-06-11 17:49:07,1
2026-06-11 17:49:07,1
2026-06-11 17:49:07,0
2026-06-11 17:49:08,1
2026-06-11 17:49:08,1
2026-06-11 17:49:08,1
2026-06-11 17:49:08,1
2026-06-11 17:49:08,1
2026-06-11 17:49:09,1
2026-06-11 17:49:09,1
2026-06-11 17:49:09,1
2026-06-11 17:49:09,1
2026-06-11 17:49:09,1
2026-06-11 17:49:10,1
2026-06-11 17:49:10,1
2026-06-11 17:49:10,1
2026-06-11 17:49:10,1
2026-06-11 17:49:10,1
2026-06-11 17:49:11,1
2026-06-11 17:49:11,1
2026-06-11 17:49:11,2
2026-06-11 17:49:11,1
2026-06-11 17:49:11,1
2026-06-11 17:49:12,1
2026-06-11 17:49:12,1
2026-06-11 17:49:12,1
2026-06-11 17:49:12,1
2026-06-11 17:49:12,1
2026-06-11 17:49:12,1
2026-06-11 17:49:13,1
2026-06-11 17:49:13,1
2026-06-11 17:49:13,1
2026-06-11 17:49:13,1
2026-06-11 17:49:13,1
2026-06-11 17:49:13,1
2026-06-11 17:49:14,1
2026-06-11 17:49:14,1
2026-06-11 17:49:14,1
2026-06-11 17:49:14,1
2026-06-11 17:49:14,1
2026-06-11 17:49:15,1
2026-06-11 17:49:15,1
2026-06-11 17:49:15,1
2026-06-11 17:49:15,1
2026-06-11 17:49:16,1
2026-06-11 17:49:16,1
2026-06-11 17:49:16,1
2026-06-11 17:49:16,1
2026-06-11 17:49:16,1
2026-06-11 17:49:17,1
2026-06-11 17:49:17,1
2026-06-11 17:49:17,1
2026-06-11 17:49:17,1
2026-06-11 17:49:17,1
2026-06-11 17:49:18,1
2026-06-11 17:49:18,1
2026-06-11 17:49:18,1
2026-06-11 17:49:18,1
2026-06-11 17:49:18,1
2026-06-11 17:49:19,1
2026-06-11 17:49:19,1
2026-06-11 17:49:19,1
2026-06-11 17:49:19,1
2026-06-11 17:49:19,1
2026-06-11 17:49:20,1
2026-06-11 17:49:20,1
2026-06-11 17:49:20,1
2026-06-11 17:49:20,1
2026-06-11 17:49:20,1
2026-06-11 17:49:21,1
2026-06-11 17:49:21,1
2026-06-11 17:49:21,1
2026-06-11 17:49:21,1
2026-06-11 17:49:21,1
2026-06-11 17:49:22,2
2026-06-11 17:49:22,1
2026-06-11 17:49:22,1
2026-06-11 17:49:22,1
2026-06-11 17:49:22,1
2026-06-11 17:49:23,1
2026-06-11 17:49:23,2
2026-06-11 17:49:23,1
2026-06-11 17:49:23,2
2026-06-11 17:49:24,1
2026-06-11 17:49:24,1
2026-06-11 17:49:24,1
2026-06-11 17:49:25,1
2026-06-11 17:49:25,1
2026-06-11 17:49:25,1
2026-06-11 17:49:25,1
2026-06-11 17:49:25,1
2026-06-11 17:49:25,1
2026-06-11 17:49:26,1
2026-06-11 17:49:26,1
2026-06-11 17:49:26,1
2026-06-11 17:49:26,1
2026-06-11 17:49:27,1
2026-06-11 17:49:27,1
2026-06-11 17:49:27,1
2026-06-11 17:49:27,1
2026-06-11 17:49:27,1
2026-06-11 17:49:28,1
2026-06-11 17:49:28,1
2026-06-11 17:49:28,1
2026-06-11 17:49:29,1
2026-06-11 17:49:29,1
2026-06-11 17:49:29,1
2026-06-11 17:49:29,1
2026-06-11 17:49:29,1
2026-06-11 17:49:30,1
2026-06-11 17:49:30,1
2026-06-11 17:49:30,2
2026-06-11 17:49:30,1
2026-06-11 17:49:31,1
2026-06-11 17:49:31,1
2026-06-11 17:49:31,1
2026-06-11 17:49:31,1
2026-06-11 17:49:31,2
2026-06-11 17:49:31,1
2026-06-11 17:49:32,1
2026-06-11 17:49:32,1
2026-06-11 17:49:32,1
2026-06-11 17:49:32,1
2026-06-11 17:49:33,1
2026-06-11 17:49:33,1
2026-06-11 17:49:33,1
2026-06-11 17:49:33,2
2026-06-11 17:49:33,1
2026-06-11 17:49:34,1
2026-06-11 17:49:34,1
2026-06-11 17:49:34,1
2026-06-11 17:49:34,1
2026-06-11 17:49:34,1
2026-06-11 17:49:35,1
2026-06-11 17:49:35,1
2026-06-11 17:49:36,1
2026-06-11 17:49:36,1
2026-06-11 17:49:36,1
2026-06-11 17:49:36,1
2026-06-11 17:49:36,1
2026-06-11 17:49:37,1
2026-06-11 17:49:37,1
2026-06-11 17:49:37,1
2026-06-11 17:49:37,1
2026-06-11 17:49:37,1
2026-06-11 17:49:38,1
2026-06-11 17:49:38,1
2026-06-11 17:49:38,1
2026-06-11 17:49:38,1
2026-06-11 17:49:38,1
2026-06-11 17:49:39,1
2026-06-11 17:49:39,1
2026-06-11 17:49:39,1
2026-06-11 17:49:39,1
2026-06-11 17:49:40,1
2026-06-11 17:49:40,1
2026-06-11 17:49:40,1
2026-06-11 17:49:40,1
2026-06-11 17:49:40,1
2026-06-11 17:49:41,1
2026-06-11 17:49:41,1
2026-06-11 17:49:41,1
2026-06-11 17:49:41,1
2026-06-11 17:49:42,1
2026-06-11 17:49:42,1
2026-06-11 17:49:42,1
2026-06-11 17:49:42,1
2026-06-11 17:49:42,1
2026-06-11 17:49:42,1
2026-06-11 17:49:43,1
2026-06-11 17:49:43,1
2026-06-11 17:49:43,1
2026-06-11 17:49:43,1
2026-06-11 17:49:43,1
2026-06-11 17:49:44,1
2026-06-11 17:49:44,1
2026-06-11 17:49:44,1
2026-06-11 17:49:44,1
2026-06-11 17:49:44,1
2026-06-11 17:49:45,1
2026-06-11 17:49:45,1
2026-06-11 17:49:45,1
2026-06-11 17:49:45,1
2026-06-11 17:49:45,1
2026-06-11 17:49:46,1
2026-06-11 17:49:46,1
2026-06-11 17:49:46,1
2026-06-11 17:49:46,1
2026-06-11 17:49:46,1
2026-06-11 17:49:46,1
2026-06-11 17:49:47,1
2026-06-11 17:49:47,1
2026-06-11 17:49:47,1
2026-06-11 17:49:47,1
2026-06-11 17:49:47,1
2026-06-11 17:49:48,1
2026-06-11 17:49:48,1
2026-06-11 17:49:48,1
2026-06-11 17:49:48,1
2026-06-11 17:49:48,1
2026-06-11 17:49:48,1
2026-06-11 17:49:49,1
2026-06-11 17:49:49,1
2026-06-11 17:49:49,1
2026-06-11 17:49:49,1
2026-06-11 17:49:49,1
2026-06-11 17:49:49,1
2026-06-11 17:49:50,1
2026-06-11 17:49:50,1
2026-06-11 17:49:50,1
2026-06-11 17:49:50,1
2026-06-11 17:49:50,1
2026-06-11 17:49:50,1
2026-06-11 17:49:51,1
2026-06-11 17:49:51,1
2026-06-11 17:49:51,1
2026-06-11 17:49:51,1
2026-06-11 17:49:51,1
2026-06-11 17:49:52,1
2026-06-11 17:49:52,1
2026-06-11 17:49:52,1
2026-06-11 17:49:52,1
2026-06-11 17:49:52,1
2026-06-11 17:49:53,1
2026-06-11 17:49:53,1
2026-06-11 17:49:53,1
2026-06-11 17:49:53,1
2026-06-11 17:49:53,1
2026-06-11 17:49:54,1
2026-06-11 17:49:54,1
2026-06-11 17:49:54,1
2026-06-11 17:49:54,1
2026-06-11 17:49:54,1
2026-06-11 17:49:54,1
2026-06-11 17:49:55,1
2026-06-11 17:49:55,1
2026-06-11 17:49:55,1
2026-06-11 17:49:55,1
2026-06-11 17:49:55,1
2026-06-11 17:49:56,1
2026-06-11 17:49:56,1
2026-06-11 17:49:56,1
2026-06-11 17:49:56,1
2026-06-11 17:49:56,1
2026-06-11 17:49:56,1
2026-06-11 17:49:57,1
2026-06-11 17:49:57,1
2026-06-11 17:49:57,1
2026-06-11 17:49:57,1
2026-06-11 17:49:57,1
2026-06-11 17:49:58,1
2026-06-11 17:49:58,1
2026-06-11 17:49:58,1
2026-06-11 17:49:58,1
2026-06-11 17:49:58,1
2026-06-11 17:49:59,1
2026-06-11 17:49:59,1
2026-06-11 17:49:59,1
2026-06-11 17:49:59,1
2026-06-11 17:50:00,1
2026-06-11 17:50:00,1
2026-06-11 17:50:00,1
2026-06-11 17:50:00,1
2026-06-11 17:50:00,1
2026-06-11 17:50:01,1
2026-06-11 17:50:01,1
2026-06-11 17:50:01,1
2026-06-11 17:50:01,1
2026-06-11 17:50:01,1
2026-06-11 17:50:02,1
2026-06-11 17:50:02,1
2026-06-11 17:50:02,1
2026-06-11 17:50:02,1
2026-06-11 17:50:02,1
2026-06-11 17:50:02,1
2026-06-11 17:50:03,1
2026-06-11 17:50:03,1
2026-06-11 17:50:03,1
2026-06-11 17:50:03,1
2026-06-11 17:50:03,1
2026-06-11 17:50:03,1
